CET,Max TemperatureC,Mean TemperatureC,Min TemperatureC,Dew PointC,MeanDew PointC,Min DewpointC,Max Humidity, Mean Humidity, Min Humidity, Max Sea Level PressurehPa, Mean Sea Level PressurehPa, Min Sea Level PressurehPa, Max VisibilityKm, Mean VisibilityKm, Min VisibilitykM, Max Wind SpeedKm/h, Mean Wind SpeedKm/h, Max Gust SpeedKm/h,Precipitationmm, Events
12/21/2013,74,60,45,67,49,43,93,75,57,1011,1005,1002,16,11,3,32,6,,12,"Rain , Thunderstorm"
12/22/2013,56,48,39,43,36,28,93,68,43,1030,1020,1012,16,16,8,26,10,40,0,
12/23/2013,58,45,32,31,27,23,76,52,27,1035,1033,1030,16,16,16,13,5,,0,
12/24/2013,61,46,31,36,28,21,89,56,22,1035,1031,1026,16,16,11,19,6,,0,
12/25/2013,58,50,41,44,40,36,86,71,56,1030,1027,1025,16,16,11,16,3,,,
12/26/2013,57,48,39,39,36,33,79,63,47,1032,1029,1027,16,14,11,19,5,,0,
12/27/2013,60,53,45,41,39,37,83,65,47,1031,1029,1027,16,14,11,11,2,,,
12/28/2013,62,51,40,43,39,33,92,64,36,1027,1022,1017,16,16,11,16,3,,,
12/29/2013,64,50,36,49,41,28,92,76,60,1026,1019,1016,16,16,6,27,8,,0,
12/30/2013,44,40,35,31,26,21,75,60,45,1031,1027,1025,16,16,16,21,8,,0,
12/31/2013,55,46,36,31,28,23,76,54,32,1033,1029,1025,16,16,16,13,2,,0,
01-01-14,69,54,39,51,42,30,83,68,52,1024,1020,1016,16,16,13,21,6,,0,
01-02-14,55,44,33,39,26,19,83,55,26,1033,1028,1021,16,16,14,34,13,,0,
01-03-14,58,43,28,37,22,18,75,49,22,1032,1028,1021,16,16,16,23,6,,0,
01-04-14,71,57,42,55,48,38,89,68,47,1020,1014,1009,16,16,13,26,11,,0,
01-05-14,59,47,34,54,32,15,87,59,31,1032,1019,1009,16,16,6,34,16,55,0,
01-06-14,36,29,22,15,8,2,50,38,26,1043,1039,1033,16,16,16,27,11,43,0,
01-07-14,48,35,22,29,11,4,68,43,17,1038,1034,1028,16,16,16,21,8,35,0,
01-08-14,53,47,40,51,45,30,93,75,57,1027,1023,1020,16,3,2,19,2,29,4,Rain
01-09-14,70,62,53,60,55,50,93,80,66,1022,1020,1016,16,6,0,19,5,31,0,Fog
01-10-14,72,65,57,64,61,54,93,81,68,1015,1012,1007,16,13,2,21,10,34,3,Rain
01-11-14,75,62,48,54,37,20,93,53,13,1021,1018,1012,16,14,8,19,5,31,0,
01-12-14,67,57,46,58,47,33,84,68,52,1020,1016,1013,16,16,16,24,6,39,0,Rain
1/13/2014,71,57,43,60,36,17,87,51,14,1021,1016,1011,16,14,11,27,11,47,0,
1/14/2014,76,57,37,31,25,20,70,41,12,1027,1020,1016,16,16,16,26,8,47,0,
1/15/2014,64,52,40,29,23,16,49,35,21,1032,1027,1022,16,16,16,23,6,34,0,
1/16/2014,72,56,40,31,27,23,55,38,20,1023,1020,1018,16,16,16,23,6,32,0,
1/17/2014,64,54,43,31,20,15,45,31,17,1028,1026,1023,16,16,14,23,8,34,0,
1/18/2014,70,54,37,41,33,23,59,45,31,1025,1022,1019,16,16,16,19,3,31,0,
1/19/2014,72,59,45,41,30,18,64,39,14,1028,1023,1020,16,16,16,14,5,26,0,
1/20/2014,82,64,46,51,36,23,71,44,17,1021,1016,1011,16,16,16,26,8,,0,
1/21/2014,63,51,38,28,23,19,59,39,19,1030,1026,1022,16,16,16,24,10,,0,
1/22/2014,70,54,37,39,27,24,70,45,19,1024,1020,1016,16,16,16,19,6,,0,
1/23/2014,56,42,27,42,29,20,78,64,50,1041,1032,1018,16,13,3,32,14,,2,"Rain , Snow"
1/24/2014,40,33,26,22,17,10,81,60,39,1042,1037,1029,16,14,5,26,8,,1,
1/25/2014,70,48,26,38,27,22,85,53,20,1029,1022,1017,16,16,13,13,2,,0,
1/26/2014,76,60,43,45,39,33,76,52,27,1016,1010,1005,16,16,16,19,5,,0,
1/27/2014,60,47,34,43,23,5,66,44,21,1025,1019,1009,16,16,16,34,14,,1,Rain
1/28/2014,39,33,27,19,14,7,69,48,27,1033,1029,1025,16,16,16,24,10,,1,Rain
1/29/2014,49,38,27,19,13,9,63,42,21,1034,1030,1026,16,16,16,24,8,,0,
1/30/2014,65,48,31,51,36,20,80,64,48,1025,1018,1013,16,16,16,24,11,,0,
1/31/2014,80,68,55,59,54,51,86,64,42,1015,1012,1009,16,16,14,23,14,,0,
02-01-14,76,66,55,62,59,41,81,71,60,1013,1009,1007,16,16,14,23,10,,,Rain
02-02-14,55,45,35,40,33,27,79,69,59,1025,1019,1013,16,13,6,29,18,,1,Rain
02-03-14,46,40,34,38,33,28,82,74,65,1025,1022,1015,16,10,5,21,10,,0,
02-04-14,64,53,42,45,41,39,89,68,46,1020,1014,1012,16,10,3,16,3,,4,Rain
02-05-14,48,40,31,42,26,16,80,60,39,1033,1028,1020,16,16,16,26,16,,0,
02-06-14,32,29,26,17,15,13,58,54,49,1035,1032,1030,16,16,16,24,13,,0,
02-07-14,38,34,29,29,24,17,78,68,58,1030,1027,1024,16,11,3,13,5,,0,
02-08-14,65,51,37,42,36,29,85,63,40,1025,1022,1017,16,11,5,23,8,,0,
02-09-14,76,59,41,53,45,38,96,70,44,1020,1018,1014,16,8,0,21,6,,0,Fog
02-10-14,60,48,35,49,36,30,82,74,66,1024,1021,1017,16,13,6,24,14,,,Rain
02-11-14,36,35,33,31,29,27,89,80,70,1026,1024,1022,14,8,2,24,14,,3,Rain
02-12-14,57,45,33,34,29,27,75,57,38,1025,1022,1019,16,14,11,23,8,,0,
2/13/2014,69,51,32,38,34,28,85,58,30,1020,1017,1014,16,16,16,16,6,,0,
2/14/2014,86,67,47,48,37,22,86,51,15,1019,1014,1011,16,16,13,29,10,,0,
2/15/2014,76,59,42,52,35,22,64,43,22,1022,1019,1016,16,16,16,24,8,,0,
2/16/2014,76,68,59,61,57,53,90,74,57,1019,1016,1014,16,8,0,21,8,,0,Fog
2/17/2014,81,70,58,62,50,29,87,52,17,1020,1017,1013,16,13,3,24,8,,0,
2/18/2014,82,69,55,63,53,32,78,55,32,1019,1016,1012,16,16,14,21,6,,0,
2/19/2014,82,73,63,62,60,59,93,70,47,1014,1011,1006,16,14,3,24,11,,0,
2/20/2014,83,70,57,64,50,27,81,48,15,1019,1011,1006,16,14,11,26,13,,0,
2/21/2014,72,57,41,33,27,22,67,43,19,1023,1020,1017,16,16,16,23,8,,0,
2/22/2014,77,63,48,57,46,30,73,53,32,1018,1015,1012,16,16,16,23,10,,0,
2/23/2014,86,74,62,61,56,44,84,57,29,1018,1014,1012,16,16,11,24,6,,0,
2/24/2014,76,66,55,63,51,43,81,65,49,1019,1017,1016,16,14,8,19,6,,0,
2/25/2014,71,62,52,65,60,47,93,85,77,1018,1016,1014,16,6,2,19,8,,,Rain
2/26/2014,52,44,36,46,33,21,83,63,43,1025,1022,1018,16,13,3,32,13,,3,Rain
2/27/2014,59,45,31,32,27,21,82,56,29,1023,1019,1014,16,16,16,19,5,,0,
2/28/2014,80,62,44,50,46,35,83,60,37,1013,1011,1007,16,16,11,21,10,,0,
03-01-14,82,68,53,65,57,48,93,74,54,1017,1014,1012,16,11,0,26,8,,0,Fog
03-02-14,73,51,28,67,45,20,89,79,69,1026,1018,1012,16,13,3,32,16,,2,Rain
03-03-14,47,36,24,27,20,12,75,56,37,1031,1027,1024,16,14,6,29,16,,2,"Rain , Thunderstorm"
03-04-14,50,40,30,36,31,26,92,72,52,1026,1022,1018,16,13,3,14,6,,4,Rain
03-05-14,53,46,38,43,39,35,86,76,66,1022,1018,1016,16,11,6,21,5,,0,
03-06-14,65,54,43,42,38,35,89,62,34,1025,1022,1019,16,13,6,21,6,,0,
03-07-14,67,53,39,50,42,36,86,65,44,1019,1016,1012,16,14,8,26,10,,0,
03-08-14,59,52,44,57,49,39,93,88,83,1026,1019,1013,16,5,2,23,6,,19,"Rain , Thunderstorm"
03-09-14,58,49,39,45,39,31,86,71,55,1028,1026,1023,16,14,3,24,8,,3,Rain
03-10-14,71,61,50,56,51,45,84,69,53,1024,1019,1014,16,14,6,19,5,,0,Rain
03-11-14,83,70,56,56,54,52,93,66,39,1014,1008,1002,16,14,6,23,8,,0,
03-12-14,70,60,49,50,28,16,56,36,16,1026,1020,1007,16,16,16,39,18,,0,
3/13/2014,68,52,37,40,26,20,68,35,21,1028,1025,1020,16,16,16,14,6,,0,
3/14/2014,75,62,49,59,51,43,86,68,49,1020,1017,1014,16,16,16,21,8,,0,
3/15/2014,74,68,62,64,62,59,93,81,68,1015,1011,1005,16,8,0,19,6,,2,"Fog , Rain"
3/16/2014,64,56,48,58,45,32,93,66,39,1018,1013,1006,16,16,16,39,18,58,0,
3/17/2014,68,55,41,31,26,20,53,36,18,1018,1014,1008,16,16,16,26,10,42,0,
3/18/2014,83,65,47,56,42,31,73,49,24,1010,1007,1005,16,16,16,29,13,42,0,
3/19/2014,72,62,51,55,37,28,80,52,24,1023,1018,1012,16,14,10,24,10,42,0,
3/20/2014,76,59,42,40,36,31,82,52,21,1024,1021,1017,16,16,16,16,3,24,0,
3/21/2014,80,67,54,60,54,41,93,69,45,1017,1014,1010,16,13,0,27,11,43,0,Fog
3/22/2014,77,69,61,65,62,51,100,80,60,1017,1014,1012,16,11,2,19,6,27,0,
3/23/2014,61,54,47,51,43,36,72,62,51,1025,1022,1018,16,16,14,27,14,48,0,
3/24/2014,66,58,50,47,42,38,72,58,44,1024,1021,1017,16,16,16,16,5,24,0,
3/25/2014,69,57,44,46,38,31,93,61,28,1028,1024,1021,16,16,11,24,8,35,0,
3/26/2014,66,60,54,55,47,30,78,57,36,1023,1019,1014,16,16,10,35,16,53,,Rain
3/27/2014,82,72,61,68,63,56,100,78,55,1014,1010,1007,16,11,2,26,13,42,0,Rain
3/28/2014,89,76,63,67,61,49,90,64,37,1016,1009,1006,16,13,3,29,8,43,0,Thunderstorm
3/29/2014,77,64,51,48,40,30,68,43,18,1025,1022,1017,16,16,16,21,8,34,0,
3/30/2014,79,62,45,51,43,38,83,56,29,1023,1020,1016,16,16,16,32,13,48,0,
3/31/2014,85,73,60,62,57,53,90,65,40,1016,1014,1010,16,16,16,26,14,43,0,
04-01-14,86,76,66,67,64,62,93,71,48,1016,1013,1010,16,13,6,27,13,45,0,
04-02-14,82,76,70,69,67,63,97,78,58,1013,1009,1005,16,14,6,26,14,48,,Rain
04-03-14,82,77,71,69,67,66,90,74,58,1009,1007,1004,16,13,8,23,11,40,,
04-04-14,74,64,54,69,35,28,93,58,22,1021,1017,1010,16,16,8,27,13,45,,Rain
04-05-14,65,60,54,46,38,33,60,48,36,1019,1016,1012,16,16,16,16,6,27,,
04-06-14,61,57,52,51,49,45,96,76,55,1012,1009,1007,16,11,3,19,8,31,5,"Rain , Thunderstorm"
04-07-14,72,62,52,51,49,47,93,69,44,1018,1013,1010,16,14,3,40,5,92,7,"Rain , Thunderstorm"
04-08-14,77,64,50,50,38,27,96,57,18,1023,1021,1018,16,16,16,35,13,60,0,
04-09-14,84,65,45,51,42,37,77,51,24,1025,1022,1018,16,16,16,21,10,35,0,
04-10-14,87,72,57,59,53,48,90,59,27,1020,1016,1013,16,16,16,27,16,50,0,
04-11-14,85,73,61,61,59,56,90,65,40,1017,1015,1012,16,16,11,26,13,40,0,
04-12-14,85,75,65,63,62,60,87,66,44,1016,1013,1009,16,16,14,32,16,,0,
4/13/2014,78,73,68,68,66,61,90,79,67,1011,1008,1003,16,14,13,29,11,,,
4/14/2014,73,58,43,69,46,32,90,65,39,1025,1015,1005,16,13,0,35,16,,34,"Fog , Rain , Thunderstorm"
4/15/2014,65,52,39,32,25,16,59,39,19,1029,1025,1021,16,16,16,19,6,,0,
4/16/2014,73,57,40,48,40,31,76,56,35,1021,1018,1014,16,16,16,26,11,,0,
4/17/2014,67,62,56,61,57,49,97,85,72,1022,1019,1016,16,11,2,16,6,,2,Rain
4/18/2014,78,69,59,61,57,51,93,68,43,1024,1022,1019,16,10,3,14,3,,0,Rain
4/19/2014,78,66,54,56,54,52,93,68,43,1022,1020,1018,16,14,6,21,8,,0,
4/20/2014,75,68,61,63,59,55,97,77,57,1021,1019,1017,16,13,3,19,10,,0,
4/21/2014,84,74,64,65,63,57,93,72,51,1018,1016,1013,16,14,3,23,8,,0,"Rain , Thunderstorm"
4/22/2014,87,75,63,63,58,55,87,61,35,1017,1015,1013,16,16,16,19,5,,0,
4/23/2014,87,73,59,64,61,57,90,68,46,1014,1011,1007,16,16,16,27,11,,0,
4/24/2014,88,78,67,66,62,44,87,63,38,1013,1010,1008,16,16,14,26,8,,0,
4/25/2014,88,76,63,64,54,45,68,51,34,1016,1013,1010,16,16,16,19,10,,0,
4/26/2014,86,77,68,69,66,62,90,73,55,1012,1008,1004,16,10,3,26,13,,,Rain
4/27/2014,96,85,73,70,66,41,87,51,15,1003,1001,997,16,10,5,23,10,,0,
4/28/2014,93,80,66,69,39,25,67,39,10,1006,1003,1001,16,16,11,23,6,,0,
4/29/2014,84,72,60,46,34,22,60,36,11,1015,1008,1002,16,16,16,27,11,,0,
4/30/2014,75,66,57,38,33,31,42,32,21,1022,1019,1015,16,16,16,26,10,,0,
05-01-14,77,65,52,43,33,25,63,39,15,1022,1020,1016,16,16,16,16,5,,0,
05-02-14,83,70,56,40,35,27,51,33,14,1019,1017,1014,16,16,16,14,5,,0,
05-03-14,94,76,58,42,35,26,44,27,10,1018,1016,1014,16,16,16,21,6,,0,
05-04-14,91,76,61,42,37,32,37,27,16,1019,1017,1014,16,16,16,23,11,,0,
05-05-14,92,76,60,59,56,44,90,61,32,1016,1013,1009,16,16,16,26,13,,0,
05-06-14,87,76,65,64,62,57,87,66,45,1012,1009,1006,16,16,16,27,14,,0,
05-07-14,88,79,70,67,64,62,84,65,46,1012,1009,1007,16,16,16,29,14,,0,
05-08-14,84,79,73,73,70,67,84,75,65,1012,1009,1007,16,10,3,27,13,,2,Rain
05-09-14,86,76,66,71,68,58,87,69,50,1015,1012,1008,16,8,2,32,8,,,"Rain , Thunderstorm"
05-10-14,91,76,60,66,62,58,97,71,44,1013,1010,1007,16,16,8,26,10,,0,
05-11-14,93,83,72,68,67,65,84,63,41,1010,1008,1004,16,14,6,29,16,,0,
05-12-14,82,72,62,76,70,61,94,87,79,1014,1010,1007,16,8,0,29,11,,62,"Fog , Rain , Thunderstorm"
5/13/2014,67,61,55,60,54,48,93,73,52,1024,1019,1013,16,13,3,26,13,,24,"Rain , Thunderstorm"
5/14/2014,76,64,51,51,43,32,93,57,21,1026,1024,1022,16,16,8,27,11,,4,Rain
5/15/2014,84,65,46,47,41,33,93,55,17,1026,1023,1020,16,16,16,16,5,,0,
5/16/2014,86,74,61,48,43,36,60,40,20,1021,1018,1015,16,16,16,24,11,,0,
5/17/2014,86,73,60,59,55,47,84,58,32,1017,1015,1013,16,16,16,27,14,,0,
5/18/2014,85,74,62,61,59,57,93,67,40,1019,1017,1015,16,16,13,26,13,,0,
5/19/2014,86,76,66,64,61,57,87,65,43,1018,1016,1014,16,16,16,29,16,,0,
5/20/2014,89,78,67,65,62,59,84,63,42,1019,1016,1015,16,16,16,23,14,,0,
5/21/2014,89,80,70,66,64,61,84,61,38,1019,1017,1015,16,16,16,26,13,,0,
5/22/2014,87,79,70,68,65,61,90,70,50,1020,1018,1015,16,16,11,24,11,,,
5/23/2014,84,78,71,71,67,62,84,69,54,1019,1017,1015,16,13,0,23,10,,5,"Fog , Rain"
5/24/2014,86,78,70,70,68,66,97,79,61,1018,1016,1012,16,14,11,24,11,,,
5/25/2014,87,80,72,67,66,63,84,66,48,1018,1015,1012,16,16,16,24,10,,,Thunderstorm
5/26/2014,75,70,64,70,65,61,93,83,73,1019,1016,1014,16,13,2,27,8,,40,"Rain , Thunderstorm"
5/27/2014,73,68,63,67,64,61,93,86,79,1017,1014,1011,16,10,0,35,5,,44,"Fog , Rain , Thunderstorm"
5/28/2014,84,76,68,68,66,62,97,74,51,1014,1012,1010,16,11,3,23,6,,0,
5/29/2014,89,78,66,65,63,61,93,66,38,1012,1011,1009,16,16,16,14,3,,0,
5/30/2014,94,81,68,67,65,60,84,60,36,1011,1010,1008,16,16,16,14,5,,0,
5/31/2014,93,82,70,69,67,65,84,63,41,1012,1011,1010,16,16,16,16,5,,0,
06-01-14,88,80,71,71,69,63,93,69,45,1015,1013,1010,16,13,3,23,6,,0,
06-02-14,91,83,74,71,69,67,87,67,47,1015,1013,1011,16,16,13,21,11,,0,
06-03-14,90,83,75,72,70,68,82,67,52,1017,1015,1012,16,16,16,16,10,,,
06-04-14,91,83,74,71,70,68,87,70,52,1014,1011,1009,16,16,16,19,11,,0,
06-05-14,91,83,74,72,70,68,87,72,56,1012,1010,1008,16,16,16,23,11,,0,
06-06-14,92,83,73,71,70,69,87,70,52,1015,1012,1010,16,16,14,23,11,,0,
06-07-14,92,83,74,72,70,67,93,71,49,1015,1012,1009,16,16,16,23,11,,0,
06-08-14,90,83,76,72,70,64,87,67,46,1016,1012,1008,16,16,8,26,11,,,Rain
06-09-14,86,77,68,75,71,66,91,78,65,1013,1009,1007,16,13,2,23,6,,14,"Rain , Thunderstorm"
06-10-14,92,78,64,70,61,56,97,64,30,1013,1011,1009,16,16,14,21,5,,0,
06-11-14,94,80,66,73,66,62,87,64,41,1012,1010,1007,16,16,16,23,8,,0,
06-12-14,92,80,68,74,72,67,79,68,56,1015,1010,1006,16,14,2,39,13,,38,"Rain , Thunderstorm"
6/13/2014,89,79,68,,,,95,75,55,1016,1014,1012,,,,24,6,35,0,
6/14/2014,87,92,73,,,,95,77,59,1016,1014,1010,,,,24,10,35,0,
6/15/2014,91,83,74,,,,,,,1015,1013,1012,,,,23,14,37,0,
6/16/2014,92,84,75,,,,94,72,49,1018,1016,1014,,,,19,13,39,,
6/17/2014,92,84,75,72,69,66,88,69,49,1017,1016,1013,16,16,16,19,14,35,0,
6/18/2014,92,85,77,75,72,67,91,68,44,1017,1015,1012,16,14,6,26,14,42,1,Rain
6/19/2014,91,84,76,74,71,66,88,68,47,1018,1016,1014,16,16,16,21,10,35,0,
6/20/2014,91,83,75,73,71,67,88,69,50,1020,1017,1015,16,16,14,21,8,31,0,
6/21/2014,92,84,75,74,72,68,94,72,49,1018,1016,1012,16,16,13,24,10,,,
6/22/2014,90,83,76,74,72,68,85,70,55,1015,1013,1010,16,14,13,21,13,,,
6/23/2014,88,78,68,75,72,66,88,75,61,1017,1014,1010,16,13,2,26,6,,7,"Rain , Thunderstorm"
6/24/2014,93,84,74,74,72,69,94,72,49,1018,1016,1014,16,14,0,35,6,,6,"Fog , Rain , Thunderstorm"
6/25/2014,89,80,71,76,72,68,94,77,59,1018,1016,1013,16,13,0,26,8,39,12,"Fog , Rain , Thunderstorm"
6/26/2014,88,80,71,75,71,69,94,76,57,1017,1014,1011,16,16,10,24,11,39,0,Rain
6/27/2014,91,83,75,74,72,70,88,69,49,1014,1012,1009,16,16,13,27,13,51,,
6/28/2014,93,86,78,74,73,71,85,69,52,1015,1012,1010,16,16,13,26,14,43,,
6/29/2014,95,86,77,74,73,70,88,69,49,1017,1015,1013,16,14,11,27,14,43,0,
6/30/2014,96,87,77,74,71,67,88,64,39,1017,1014,1011,16,14,11,27,13,43,0,
07-01-14,96,86,75,73,70,66,88,64,39,1015,1013,1012,16,16,11,24,10,35,0,
07-02-14,97,85,73,73,69,64,93,64,35,1018,1016,1015,16,16,10,23,6,29,0,
07-03-14,96,84,72,71,69,61,93,62,30,1020,1019,1016,16,16,10,32,5,47,2,"Rain , Thunderstorm"
07-04-14,93,82,71,70,68,59,93,67,41,1023,1021,1019,16,16,14,26,6,37,0,Thunderstorm
07-05-14,94,82,69,71,69,67,93,70,46,1022,1020,1018,16,16,8,29,6,48,0,
07-06-14,95,84,72,73,70,66,100,72,44,1019,1017,1013,16,13,5,21,8,32,0,
07-07-14,96,85,73,70,67,63,87,61,34,1016,1015,1013,16,16,16,21,8,31,0,
07-08-14,98,86,74,73,68,61,93,63,33,1017,1016,1014,16,16,16,21,11,34,0,
07-09-14,98,85,72,72,66,57,90,59,27,1018,1016,1014,16,16,13,23,10,37,0,
07-10-14,96,84,72,71,68,63,93,64,34,1020,1016,1014,16,16,11,23,8,39,0,
07-11-14,95,83,71,72,67,56,90,60,30,1021,1019,1017,16,16,16,21,8,35,0,
07-12-14,98,85,71,71,66,56,93,59,25,1022,1019,1016,16,14,11,21,6,32,0,
7/13/2014,100,87,74,71,67,62,93,63,33,1019,1017,1015,16,16,16,21,6,27,0,
7/14/2014,101,88,75,71,67,59,82,55,28,1017,1015,1012,16,16,16,16,6,26,0,
7/15/2014,92,83,73,73,71,69,93,71,49,1016,1015,1013,16,16,13,24,5,37,2,"Rain , Thunderstorm"
7/16/2014,95,84,73,74,71,68,93,68,43,1017,1014,1010,16,13,2,24,6,35,8,"Rain , Thunderstorm"
7/17/2014,89,82,74,76,74,70,94,77,59,1013,1011,1008,16,11,0,21,8,31,90,"Fog , Rain , Thunderstorm"
7/18/2014,78,75,72,74,71,68,100,87,74,1016,1014,1012,16,11,2,23,5,43,39,"Rain , Thunderstorm"
7/19/2014,86,78,70,70,68,66,90,76,61,1017,1016,1014,16,14,10,13,3,18,0,
7/20/2014,94,84,74,76,72,70,93,73,52,1017,1015,1012,16,14,11,19,6,29,0,
7/21/2014,96,87,77,76,73,70,94,70,46,1018,1015,1013,16,14,8,16,10,32,0,
7/22/2014,96,86,76,74,72,68,94,68,42,1019,1016,1014,16,16,13,13,3,23,0,
7/23/2014,97,86,75,75,71,66,94,66,38,1018,1016,1014,16,14,10,11,5,23,0,
7/24/2014,94,84,74,77,72,68,94,70,46,1019,1016,1013,16,13,3,13,5,19,2,Rain
7/25/2014,96,86,75,73,70,66,87,63,39,1017,1015,1012,16,16,16,19,8,29,0,
7/26/2014,98,87,76,74,71,67,94,66,38,1016,1014,1012,16,16,13,24,10,40,0,
7/27/2014,98,87,75,74,71,65,94,64,33,1019,1016,1014,16,16,14,21,10,35,0,
7/28/2014,99,87,74,73,69,63,93,62,31,1020,1018,1015,16,16,13,14,5,24,0,
7/29/2014,97,87,76,72,70,66,87,63,38,1019,1017,1016,16,16,16,21,6,37,0,
7/30/2014,96,86,76,72,68,60,87,60,33,1018,1015,1011,16,16,16,23,10,35,0,
7/31/2014,97,87,77,73,71,64,85,64,42,1016,1014,1011,16,16,16,21,6,31,0,
08-01-14,91,82,73,67,65,64,74,59,44,1016,1015,1014,16,16,16,19,8,29,0,
08-02-14,90,79,68,68,66,64,93,70,46,1019,1017,1015,16,16,16,16,5,29,0,
08-03-14,94,83,71,69,66,65,84,62,39,1019,1016,1013,16,16,14,21,6,31,0,
08-04-14,94,83,72,72,69,65,87,66,44,1018,1015,1013,16,14,11,21,5,32,0,
08-05-14,97,85,73,71,68,64,87,61,35,1018,1016,1014,16,16,13,21,5,35,0,
08-06-14,99,88,76,73,68,61,94,64,33,1018,1015,1011,16,16,14,21,8,32,0,
08-07-14,102,90,77,74,71,63,88,59,29,1016,1013,1008,16,13,8,21,10,40,0,
08-08-14,102,89,76,75,70,62,91,60,29,1016,1012,1010,16,16,16,21,10,35,0,
08-09-14,100,89,77,74,68,62,88,60,31,1016,1014,1011,16,16,16,21,8,29,0,
08-10-14,101,89,77,74,69,61,88,58,27,1016,1015,1012,16,16,16,21,6,31,0,
08-11-14,102,89,76,75,71,66,91,62,33,1018,1016,1014,16,16,3,21,5,37,1,"Rain , Thunderstorm"
08-12-14,100,87,73,73,66,53,94,62,29,1018,1016,1013,16,16,16,19,6,27,0,
8/13/2014,97,83,69,60,57,51,66,45,24,1018,1016,1014,16,16,16,19,6,32,0,
8/14/2014,98,84,70,68,61,56,73,50,27,1017,1015,1012,16,16,16,14,6,,0,
8/15/2014,101,88,75,74,69,60,88,58,27,1018,1014,1010,16,16,16,21,8,,0,
8/16/2014,104,91,77,74,69,60,88,57,25,1014,1012,1009,16,16,16,23,11,,0,
8/17/2014,101,90,79,74,71,59,85,56,27,1017,1013,1010,16,16,16,26,10,,0,
8/18/2014,102,90,78,75,71,64,85,59,33,1016,1013,1008,16,16,14,24,11,,0,
8/19/2014,96,87,77,72,68,62,76,55,34,1014,1012,1008,16,16,14,26,11,,0,Thunderstorm
8/20/2014,102,90,78,75,71,63,85,57,29,1016,1013,1010,16,16,13,27,13,,0,
8/21/2014,103,92,80,75,71,61,85,55,25,1018,1015,1013,16,16,16,27,14,,0,
8/22/2014,103,91,79,74,69,59,85,55,25,1019,1016,1013,16,16,16,24,13,,0,
8/23/2014,101,88,75,73,69,62,94,62,29,1017,1014,1010,16,16,14,23,10,,0,
8/24/2014,101,89,77,74,70,62,88,59,29,1015,1013,1009,16,16,16,21,8,,0,
8/25/2014,101,89,76,73,67,60,88,59,29,1015,1013,1009,16,16,16,16,8,,0,
8/26/2014,101,89,77,71,68,62,71,52,33,1015,1014,1012,16,16,13,23,6,,,"Rain , Thunderstorm"
8/27/2014,98,87,76,72,66,56,87,58,29,1018,1015,1012,16,16,16,16,6,,0,
8/28/2014,99,88,76,73,71,68,82,61,40,1015,1012,1009,16,16,16,27,8,,0,
8/29/2014,96,87,77,75,72,67,88,64,39,1013,1012,1008,16,16,3,24,8,,2,"Rain , Thunderstorm"
8/30/2014,95,85,74,73,72,66,94,69,44,1015,1013,1010,16,16,16,21,6,,0,
8/31/2014,99,87,74,73,72,68,94,68,42,1016,1014,1011,16,16,16,24,11,,0,
09-01-14,101,90,78,75,72,65,91,62,33,1015,1013,1009,16,16,11,24,13,,0,
09-02-14,98,88,78,75,73,68,91,66,40,1015,1013,1010,16,16,16,27,13,,0,
09-03-14,100,88,76,74,70,62,88,61,33,1017,1014,1012,16,16,16,27,10,,0,
09-04-14,99,86,73,77,74,67,91,65,38,1018,1016,1014,16,13,0,45,8,,25,"Fog , Rain , Thunderstorm"
09-05-14,97,87,77,75,73,65,91,63,35,1019,1017,1013,16,16,16,21,6,,1,Rain
09-06-14,97,86,74,75,71,66,94,67,39,1019,1016,1013,16,16,3,21,5,,5,"Rain , Thunderstorm"
09-07-14,89,82,74,74,72,69,100,78,55,1019,1017,1014,16,13,3,13,5,,6,"Rain , Thunderstorm"
09-08-14,96,84,72,71,69,66,100,70,39,1017,1015,1012,16,16,13,19,5,,0,
09-09-14,97,86,74,73,69,65,87,63,38,1015,1013,1009,16,16,16,21,10,,0,
09-10-14,99,88,77,73,71,66,88,63,38,1013,1010,1007,16,16,16,23,11,,0,
09-11-14,99,89,78,75,71,64,85,60,35,1015,1012,1009,16,16,16,16,8,,0,
09-12-14,96,81,66,74,70,62,94,67,39,1021,1016,1013,16,14,2,24,8,39,13,"Rain , Thunderstorm"
9/13/2014,66,63,60,63,60,57,100,92,84,1024,1022,1019,16,8,2,23,8,39,17,Rain
9/14/2014,77,71,64,67,64,62,100,87,73,1024,1021,1019,16,13,5,11,3,16,0,
9/15/2014,88,79,69,70,68,67,97,76,55,1020,1019,1017,16,14,10,13,3,21,0,
9/16/2014,94,84,74,74,72,69,94,70,46,1018,1016,1013,16,16,10,29,5,45,1,"Rain , Thunderstorm"
9/17/2014,91,83,75,75,74,71,94,75,56,1017,1014,1009,16,14,3,23,5,32,9,"Rain , Thunderstorm"
9/18/2014,90,81,72,75,73,70,100,78,56,1014,1012,1009,16,11,0,40,3,53,93,"Fog , Rain , Thunderstorm"
9/19/2014,86,80,74,75,74,71,100,85,69,1014,1012,1010,16,13,3,16,5,23,3,Rain
9/20/2014,90,82,74,75,73,70,100,78,55,1016,1014,1012,16,14,2,14,5,24,5,Rain
9/21/2014,90,81,72,73,70,64,94,71,47,1018,1016,1015,16,16,16,16,5,24,0,
9/22/2014,91,81,70,70,68,66,90,69,47,1020,1018,1016,16,16,16,14,6,,0,
9/23/2014,85,76,67,66,58,55,74,57,40,1021,1019,1017,16,16,16,13,5,19,0,
9/24/2014,84,72,60,60,56,51,90,64,37,1021,1019,1018,16,16,16,14,3,26,0,
9/25/2014,83,73,62,66,62,57,90,74,58,1021,1019,1018,16,16,13,21,5,32,,
9/26/2014,85,76,66,67,64,63,87,71,54,1021,1018,1016,16,16,16,16,5,24,0,
9/27/2014,80,74,68,69,66,64,93,78,62,1018,1016,1014,16,16,13,14,3,,,Rain
9/28/2014,88,77,66,67,65,62,100,72,43,1017,1015,1013,16,13,5,19,5,24,0,
9/29/2014,89,78,67,68,64,61,93,68,43,1016,1013,1012,16,16,16,13,3,19,0,
9/30/2014,90,78,65,70,65,63,93,70,47,1012,1010,1007,16,16,16,14,3,23,0,
10-01-14,92,84,76,73,70,63,88,68,47,1012,1009,1006,16,16,16,16,8,,0,
10-02-14,92,84,76,75,72,59,91,72,52,1014,1010,1007,16,14,6,23,11,43,1,"Rain , Thunderstorm"
10-03-14,85,75,65,59,51,45,63,44,25,1022,1018,1014,16,16,16,23,11,35,0,Thunderstorm
10-04-14,80,70,59,53,48,41,72,51,29,1024,1020,1015,16,16,16,14,6,23,0,
10-05-14,87,75,62,67,62,56,93,69,44,1015,1013,1009,16,16,16,23,10,37,0,
10-06-14,89,81,72,71,69,66,93,73,53,1014,1011,1010,16,16,16,21,10,32,0,
10-07-14,94,83,72,73,70,64,93,67,41,1016,1013,1011,16,14,8,21,8,,0,
10-08-14,90,82,74,72,70,65,93,70,46,1018,1015,1013,16,16,16,24,10,,0,
10-09-14,92,84,75,73,71,66,94,69,44,1016,1014,1010,16,16,14,23,11,,,Rain
10-10-14,92,84,75,73,70,65,87,66,44,1014,1012,1009,16,16,16,23,11,,0,
10-11-14,78,69,59,72,62,55,97,85,73,1020,1017,1012,16,11,0,23,8,,36,"Fog , Rain"
10-12-14,77,69,61,72,63,55,93,86,78,1017,1012,1006,16,14,11,21,3,,0,"Rain , Thunderstorm"
10/13/2014,76,69,61,72,59,46,87,63,38,1017,1009,1004,16,16,3,32,16,,2,"Rain , Thunderstorm"
10/14/2014,80,66,51,48,43,37,77,49,21,1022,1019,1017,16,16,16,23,8,,0,
10/15/2014,88,72,56,51,46,40,72,46,20,1020,1018,1016,16,16,16,14,3,,0,
10/16/2014,86,72,57,54,49,44,72,50,27,1016,1014,1012,16,16,16,21,6,,0,
10/17/2014,87,74,61,64,60,54,97,69,40,1014,1013,1011,16,16,16,21,5,,0,
10/18/2014,86,76,66,69,64,60,90,67,44,1018,1016,1014,16,16,8,14,3,,0,
10/19/2014,82,74,65,66,63,61,93,74,54,1020,1018,1016,16,16,10,13,3,,0,
10/20/2014,82,73,63,64,61,58,100,73,45,1019,1017,1015,16,14,6,13,3,,0,
10/21/2014,83,71,58,61,55,46,93,61,28,1019,1017,1015,16,14,10,16,5,,0,
10/22/2014,83,72,61,62,59,56,84,67,49,1020,1018,1017,16,16,16,14,3,,,Rain
10/23/2014,83,75,66,62,59,57,81,64,46,1021,1019,1017,16,16,16,13,3,,,Rain
10/24/2014,85,73,60,61,59,56,84,64,44,1022,1020,1018,16,16,16,11,3,,0,
10/25/2014,88,75,62,61,59,57,84,62,39,1022,1020,1018,16,16,16,13,3,,0,
10/26/2014,86,74,61,61,58,52,90,62,34,1018,1015,1013,16,16,13,19,6,,0,
10/27/2014,86,74,62,65,61,58,93,67,40,1014,1012,1009,16,16,16,23,10,,0,
10/28/2014,84,75,65,68,65,63,93,74,55,1018,1016,1012,16,16,16,13,3,,0,
10/29/2014,81,73,65,63,62,60,81,68,54,1021,1019,1018,16,16,16,16,5,,0,
10/30/2014,82,73,63,61,59,54,93,72,51,1022,1019,1017,16,16,14,13,3,,,Rain
10/31/2014,76,66,56,61,49,39,93,60,27,1027,1023,1020,16,14,3,26,11,,8,Rain
11-01-14,68,58,47,43,39,37,71,54,37,1030,1027,1025,16,16,16,14,8,,0,
11-02-14,75,62,48,52,45,39,80,61,41,1027,1025,1022,16,16,16,24,10,,0,
11-03-14,76,68,59,63,59,52,84,72,60,1022,1020,1018,16,16,16,23,10,,,
11-04-14,75,67,58,69,63,57,100,87,73,1022,1019,1016,16,13,3,27,8,,14,Rain
11-05-14,59,57,55,58,56,54,100,97,93,1024,1021,1019,16,10,3,21,10,,38,Rain
11-06-14,63,59,55,56,51,46,93,75,56,1028,1025,1023,16,16,8,16,6,,1,Rain
11-07-14,71,60,48,49,41,34,80,53,26,1026,1022,1018,16,16,16,11,3,,0,
11-08-14,75,62,48,52,47,41,93,67,41,1022,1019,1017,16,16,16,24,6,,0,
11-09-14,74,61,47,45,43,40,86,59,31,1022,1018,1013,16,16,16,13,5,,0,
11-10-14,76,63,49,61,53,43,93,70,46,1013,1010,1007,16,16,16,27,10,,0,
11-11-14,65,54,42,62,41,29,93,67,40,1024,1017,1008,16,16,14,27,11,,0,
11-12-14,51,44,36,29,23,16,64,50,36,1031,1027,1024,16,16,16,26,14,,0,
11/13/2014,41,36,31,17,13,9,58,43,27,1036,1034,1031,16,16,16,27,13,,0,
11/14/2014,45,38,30,23,17,12,58,44,30,1033,1029,1026,16,16,16,13,5,,0,
11/15/2014,48,44,40,47,39,23,100,72,43,1025,1021,1017,16,8,2,16,6,,1,Rain
11/16/2014,50,42,34,49,45,28,100,91,82,1024,1016,1013,16,6,0,27,10,,0,"Fog , Rain"
11/17/2014,53,42,30,27,21,14,82,52,22,1033,1029,1024,16,16,16,26,10,,0,
11/18/2014,56,43,30,27,23,19,78,51,24,1035,1032,1030,16,16,5,16,3,,0,
11/19/2014,69,51,33,45,38,23,86,64,42,1029,1025,1022,16,16,16,21,5,,0,
11/20/2014,70,57,44,63,57,43,100,85,70,1022,1019,1017,16,13,0,19,5,,0,"Fog , Rain"
11/21/2014,74,68,62,69,65,62,100,90,79,1020,1018,1016,16,10,0,21,8,,8,"Fog , Rain"
11/22/2014,67,63,58,64,62,56,100,97,93,1018,1011,1006,16,10,0,32,11,,85,"Fog , Rain , Thunderstorm"
11/23/2014,81,67,53,57,48,39,100,62,23,1010,1004,999,16,16,16,26,8,,0,
11/24/2014,66,53,40,39,32,19,76,47,18,1023,1018,1012,16,16,16,24,8,,0,
11/25/2014,67,53,38,38,33,25,85,53,20,1028,1025,1023,16,16,16,14,5,,0,
11/26/2014,77,60,42,37,33,27,62,40,18,1028,1023,1021,16,16,16,16,5,,0,
11/27/2014,64,53,42,37,33,27,76,52,27,1035,1031,1028,16,16,16,16,6,,0,
11/28/2014,72,57,42,54,45,35,82,62,41,1029,1024,1019,16,16,16,23,6,,0,
11/29/2014,73,65,56,61,57,52,93,75,57,1018,1017,1014,16,16,16,26,11,,0,
11/30/2014,79,72,64,63,62,59,87,71,54,1020,1017,1015,16,16,16,24,11,,0,
12-01-14,66,54,41,63,42,22,93,69,45,1032,1026,1020,16,16,13,27,10,,0,
12-02-14,50,45,39,43,32,24,80,63,45,1031,1027,1023,16,16,16,16,6,,0,
12-03-14,59,54,48,55,50,43,100,88,75,1024,1022,1021,16,11,3,11,2,,0,
12-04-14,66,62,58,65,61,55,100,94,87,1023,1020,1017,16,5,2,19,5,,2,Rain
12-05-14,75,69,63,66,64,59,100,82,64,1022,1019,1017,16,13,3,19,8,,0,Rain
12-06-14,69,62,55,58,51,48,90,72,53,1029,1027,1022,16,16,14,21,10,,0,
12-07-14,56,54,52,50,48,46,89,83,77,1029,1027,1025,16,16,14,14,6,,0,
12-08-14,67,58,49,49,46,45,86,69,52,1029,1027,1025,16,16,13,14,5,,0,
12-09-14,69,56,43,49,45,42,100,70,39,1029,1026,1024,16,13,3,13,2,,0,
12-10-14,66,57,47,57,50,45,93,75,56,1025,1023,1021,16,14,10,13,2,,1,Rain
12-11-14,67,62,57,59,57,55,97,85,73,1024,1022,1021,16,11,3,14,8,,1,Rain
12-12-14,71,65,59,58,57,56,90,78,66,1026,1024,1022,16,16,14,19,8,,,Rain
12/13/2014,74,65,55,59,57,54,100,79,57,1024,1021,1018,16,14,8,23,8,,0,
12/14/2014,74,68,61,64,62,59,100,82,64,1018,1014,1010,16,14,8,23,10,,2,Rain
12/15/2014,74,63,52,64,51,32,93,58,23,1023,1016,1012,16,16,11,19,8,,0,
12/16/2014,63,55,46,36,34,32,60,47,34,1028,1025,1022,16,16,16,23,8,,0,
12/17/2014,53,51,48,51,44,35,96,75,54,1025,1021,1018,16,13,3,24,6,,3,"Rain , Thunderstorm"
12/18/2014,60,55,49,56,51,48,100,92,84,1021,1019,1018,16,6,2,19,5,,,
12/19/2014,57,53,48,50,48,44,100,89,77,1023,1020,1018,16,11,2,21,11,,15,"Rain , Thunderstorm"
12/20/2014,54,52,49,47,45,44,86,82,72,1025,1023,1021,16,14,8,13,5,,0,
12/21/2014,56,53,50,52,49,46,93,83,72,1022,1017,1011,16,14,8,16,8,,0,
12/22/2014,77,67,56,56,52,43,93,63,33,1010,1006,1002,16,16,13,19,8,,0,
12/23/2014,59,51,43,44,40,34,77,66,55,1017,1009,1003,16,16,16,29,13,,,Rain
12/24/2014,57,46,35,35,32,30,85,62,38,1021,1020,1017,16,16,16,26,10,,0,
12/25/2014,65,49,33,47,33,28,96,61,26,1020,1018,1015,16,16,16,26,10,,0,
12/26/2014,74,64,53,63,57,48,100,83,66,1015,1014,1011,16,14,5,19,8,,0,Rain
12/27/2014,66,54,41,63,49,32,93,79,65,1026,1019,1013,16,13,8,26,13,,1,Rain
12/28/2014,47,40,32,34,30,26,92,71,49,1027,1024,1022,16,16,11,23,6,34,3,Rain
12/29/2014,67,49,30,42,36,29,92,68,43,1023,1021,1018,16,16,16,16,3,24,0,
12/30/2014,46,43,39,43,40,32,100,87,73,1033,1028,1023,16,10,0,21,10,34,0,Fog
12/31/2014,42,39,36,31,29,27,76,70,64,1035,1032,1030,16,16,14,23,13,34,,
01-01-15,40,37,34,39,35,29,100,82,64,1029,1024,1021,16,5,2,14,8,21,16,"Rain , Thunderstorm"
01-02-15,43,41,38,41,39,37,100,95,89,1022,1019,1015,16,6,3,19,8,29,5,"Rain , Thunderstorm"
01-03-15,62,51,39,43,40,38,100,74,48,1020,1016,1013,16,13,3,23,5,39,19,"Rain , Thunderstorm"
01-04-15,51,43,35,41,30,22,100,69,38,1039,1032,1021,16,16,16,26,11,42,0,
01-05-15,52,41,29,28,23,20,75,54,32,1041,1036,1031,16,16,16,13,6,19,0,
01-06-15,71,54,36,37,32,28,76,50,23,1031,1029,1026,16,16,16,14,3,21,0,
01-07-15,51,41,30,38,27,8,76,54,32,1043,1036,1027,16,16,16,34,14,51,0,
01-08-15,36,30,23,23,12,5,56,48,39,1043,1034,1026,16,16,16,24,8,,,Rain
01-09-15,38,36,34,32,26,21,70,62,54,1036,1032,1026,16,16,6,21,10,,1,Rain
01-10-15,36,34,32,34,31,19,100,76,52,1035,1030,1026,16,6,3,13,5,,8,"Rain , Thunderstorm"
01-11-15,49,42,34,45,39,33,100,90,80,1026,1023,1019,16,11,3,13,5,,4,Rain
01-12-15,46,43,40,45,41,36,100,88,76,1031,1025,1021,16,8,0,23,8,,0,Fog
1/13/2015,42,39,35,37,33,31,92,83,73,1034,1030,1029,16,11,6,19,11,,0,
1/14/2015,40,39,38,38,36,34,92,86,79,1030,1027,1025,13,6,3,14,8,,0,
1/15/2015,59,49,38,38,36,34,92,68,43,1029,1027,1026,16,14,10,19,6,,0,
1/16/2015,64,51,38,41,38,35,92,64,36,1029,1026,1022,16,16,16,13,5,,0,
1/17/2015,69,54,39,46,40,33,92,63,34,1025,1020,1017,16,16,10,19,5,,0,
1/18/2015,72,59,46,34,30,26,53,37,20,1029,1025,1023,16,16,16,16,5,,0,
1/19/2015,75,56,37,47,41,29,85,59,33,1022,1017,1014,16,16,16,16,5,,0,
1/20/2015,80,61,41,51,44,39,89,59,28,1017,1014,1011,16,16,11,19,5,,0,
1/21/2015,56,53,50,53,50,42,96,84,71,1021,1018,1017,16,8,2,16,10,,4,Rain
1/22/2015,52,47,41,51,46,38,100,91,82,1025,1018,1015,16,6,2,32,16,,53,Rain
1/23/2015,51,45,38,42,38,35,93,77,61,1027,1025,1023,16,13,5,24,10,,10,Rain
1/24/2015,63,50,36,41,36,31,92,62,32,1025,1023,1019,16,16,16,21,6,,0,
1/25/2015,73,57,40,40,34,29,85,53,20,1023,1020,1017,16,16,16,21,10,,0,
1/26/2015,74,60,46,43,37,32,61,43,25,1026,1023,1021,16,16,16,16,8,,0,
1/27/2015,83,67,51,45,40,36,71,47,23,1023,1021,1019,16,16,16,23,10,,0,
1/28/2015,81,62,42,49,42,37,96,60,23,1022,1020,1018,16,16,16,23,6,,0,
1/29/2015,79,66,52,55,49,34,100,68,35,1029,1023,1020,16,16,10,26,6,,,
1/30/2015,58,53,48,39,36,33,63,52,40,1031,1028,1025,16,16,16,23,10,,,Rain
1/31/2015,62,56,49,61,51,37,100,80,59,1025,1017,1013,16,8,2,24,6,,8,Rain
02-01-15,73,59,44,61,54,30,100,77,53,1025,1015,1012,16,13,6,27,11,,1,Rain
02-02-15,49,41,33,30,24,19,62,48,34,1030,1028,1025,16,16,16,24,10,,0,
02-03-15,43,42,40,42,37,28,96,76,55,1028,1025,1023,16,10,3,13,3,,7,Rain
02-04-15,55,49,42,50,45,41,100,92,83,1023,1020,1017,16,8,2,13,3,,2,Rain
02-05-15,52,45,38,48,35,31,92,77,62,1032,1029,1023,16,16,8,26,11,42,,
02-06-15,60,49,37,42,38,33,86,69,51,1031,1028,1024,16,16,11,16,5,,0,
02-07-15,69,55,40,53,46,39,93,71,49,1023,1019,1015,16,13,6,21,8,,0,
02-08-15,78,68,58,57,56,50,93,72,50,1016,1013,1009,16,16,13,23,10,,0,
02-09-15,83,68,52,50,44,38,77,49,20,1021,1018,1016,16,16,16,14,5,,0,
02-10-15,81,64,46,49,44,40,86,57,28,1018,1016,1013,16,16,16,16,6,,0,
02-11-15,78,65,51,53,49,40,100,64,27,1023,1017,1014,16,11,2,26,8,,0,
02-12-15,62,53,44,40,34,31,65,51,36,1030,1028,1024,16,16,16,26,11,,0,
2/13/2015,70,55,39,44,38,32,79,58,37,1029,1026,1023,16,16,16,16,3,,0,
2/14/2015,78,63,48,53,47,43,86,60,33,1026,1023,1020,16,16,16,14,5,,0,
2/15/2015,68,63,57,62,58,52,87,80,73,1021,1017,1012,16,16,11,16,8,,,
2/16/2015,66,51,36,61,39,28,93,79,64,1024,1017,1010,16,13,3,27,14,,0,Rain
2/17/2015,55,45,34,33,27,23,82,59,35,1027,1024,1022,16,16,16,21,11,,0,
2/18/2015,66,49,32,34,29,25,89,56,22,1029,1026,1024,16,16,16,21,6,,0,
2/19/2015,70,54,38,49,40,31,85,61,37,1029,1024,1019,16,16,16,23,8,,0,
2/20/2015,75,65,54,60,56,49,86,72,57,1019,1013,1008,16,16,14,26,14,,0,
2/21/2015,78,67,55,61,56,45,87,69,50,1017,1012,1009,16,16,14,23,10,,0,
2/22/2015,56,47,37,52,44,33,93,80,66,1030,1021,1014,16,13,3,32,11,,1,Rain
2/23/2015,37,34,30,32,29,26,92,87,82,1034,1031,1029,16,11,3,27,14,,0,Rain
2/24/2015,37,34,30,34,29,26,92,84,76,1030,1024,1017,16,13,3,14,6,,0,
2/25/2015,63,49,35,36,34,28,100,64,27,1017,1014,1010,16,13,5,21,5,,0,Rain
2/26/2015,52,43,33,37,31,21,96,74,52,1029,1022,1014,16,16,8,24,11,,0,
2/27/2015,36,34,31,30,25,19,92,72,52,1031,1029,1027,16,13,3,21,11,,0,Rain
2/28/2015,36,34,31,34,31,26,100,93,85,1029,1026,1025,16,8,3,16,8,,3,Rain
03-01-15,43,39,35,41,38,34,100,95,89,1028,1026,1023,13,6,3,16,10,,2,Rain
03-02-15,45,42,38,42,40,37,100,95,89,1029,1025,1022,16,8,2,16,6,,1,Rain
03-03-15,63,52,41,59,49,41,100,95,90,1021,1015,1011,8,3,0,13,2,,0,"Fog , Rain"
03-04-15,70,52,34,67,56,32,100,95,89,1025,1013,1009,16,6,0,34,10,,4,"Fog , Rain , Thunderstorm"
03-05-15,47,39,31,32,25,18,89,61,33,1038,1031,1023,16,14,3,32,16,,3,"Rain , Thunderstorm"
03-06-15,57,42,26,29,23,19,81,54,27,1038,1035,1033,16,16,16,13,3,21,0,
03-07-15,60,49,38,37,30,24,82,56,29,1033,1029,1025,16,16,16,16,3,21,,
03-08-15,54,51,47,51,48,37,100,69,38,1026,1022,1018,16,5,2,19,5,26,11,Rain
03-09-15,55,52,49,52,49,48,100,97,93,1018,1015,1012,16,8,2,13,6,21,55,Rain
03-10-15,63,57,50,52,50,49,96,78,60,1021,1017,1015,16,16,16,14,6,23,0,
03-11-15,59,57,54,51,50,49,86,79,72,1025,1023,1021,16,16,16,21,10,32,0,
03-12-15,73,63,52,55,52,49,96,73,49,1022,1019,1016,16,16,14,21,8,29,1,Rain
3/13/2015,78,66,53,54,52,46,100,68,36,1018,1016,1014,16,13,2,19,5,29,0,
3/14/2015,78,66,53,53,49,44,89,61,33,1023,1019,1017,16,16,16,24,10,37,0,
3/15/2015,69,60,51,54,51,48,89,72,55,1027,1025,1023,16,16,16,19,5,26,0,
3/16/2015,77,65,52,62,56,51,100,73,46,1025,1023,1021,16,14,6,16,5,27,0,
3/17/2015,77,70,63,66,63,61,100,82,64,1022,1020,1017,16,13,6,14,5,26,0,Rain
3/18/2015,81,71,60,65,61,58,93,74,54,1018,1016,1013,16,16,13,21,6,32,3,Rain
3/19/2015,83,73,63,66,64,61,100,79,58,1016,1014,1012,16,13,3,19,8,27,0,
3/20/2015,71,64,57,67,61,55,93,89,84,1021,1019,1015,16,10,0,24,6,35,30,"Fog , Rain"
3/21/2015,61,58,55,58,56,54,100,95,90,1021,1019,1016,16,11,3,16,6,27,11,Rain
3/22/2015,78,68,57,59,57,55,100,75,50,1019,1017,1015,16,16,11,14,6,24,0,
3/23/2015,80,66,52,59,56,51,100,73,45,1020,1018,1016,16,16,10,14,5,23,0,
3/24/2015,83,71,59,62,60,57,97,72,47,1017,1015,1012,16,16,14,23,11,35,0,
3/25/2015,84,73,62,63,61,59,93,72,51,1015,1013,1010,16,16,16,26,13,43,0,
3/26/2015,70,62,54,65,48,33,93,62,31,1022,1017,1011,16,14,3,32,16,47,1,Rain
3/27/2015,82,64,46,44,36,29,71,44,16,1023,1021,1019,16,16,16,21,6,31,0,
3/28/2015,84,66,48,49,44,40,86,54,22,1021,1019,1016,16,16,16,21,8,39,0,
3/29/2015,84,71,57,60,56,50,93,67,40,1020,1018,1016,16,16,16,27,13,45,0,
3/30/2015,80,72,64,64,62,60,93,76,58,1022,1020,1017,16,16,14,19,8,29,0,
3/31/2015,82,74,66,66,62,59,93,74,54,1019,1016,1013,16,16,11,21,11,32,0,
04-01-15,83,76,68,67,65,61,90,71,51,1015,1013,1010,16,14,6,23,11,,,Rain
04-02-15,84,76,68,68,66,63,90,76,62,1015,1013,1011,16,13,10,24,13,,0,
04-03-15,86,76,66,68,62,48,90,67,43,1022,1015,1012,16,13,6,27,11,,0,
04-04-15,69,63,56,48,44,37,61,53,44,1027,1024,1022,16,16,16,27,13,,0,
04-05-15,69,64,59,64,59,48,100,78,56,1021,1016,1013,16,8,2,16,6,,1,Rain
04-06-15,85,75,65,67,65,64,100,76,51,1016,1014,1011,16,13,3,23,11,,0,
04-07-15,87,78,68,67,65,62,90,71,51,1017,1015,1012,16,16,13,26,13,,0,
04-08-15,79,74,69,69,67,65,90,81,71,1016,1013,1010,16,14,10,26,13,,,
04-09-15,87,79,70,71,67,65,90,73,55,1014,1011,1007,16,14,11,24,11,,0,
04-10-15,74,65,56,68,53,47,93,70,47,1023,1019,1014,16,16,16,23,8,,2,"Rain , Thunderstorm"
04-11-15,70,65,59,66,62,53,100,86,72,1020,1017,1015,16,8,2,11,5,,,Rain
04-12-15,82,75,67,69,67,65,100,81,62,1016,1013,1008,16,8,0,21,8,,0,Fog
4/13/2015,87,76,64,70,65,54,100,67,34,1015,1011,1009,16,13,3,21,6,,2,"Rain , Thunderstorm"
4/14/2015,77,67,57,61,55,49,87,67,46,1020,1017,1015,16,16,16,19,10,,0,
4/15/2015,83,69,54,65,56,50,93,69,45,1017,1015,1012,16,16,16,23,6,,0,
4/16/2015,81,74,67,70,66,64,93,78,62,1015,1013,1010,16,14,6,27,6,,0,"Rain , Thunderstorm"
4/17/2015,75,71,66,70,65,61,93,81,69,1015,1013,1011,16,13,3,19,6,,10,"Rain , Thunderstorm"
4/18/2015,77,66,54,66,63,53,100,82,64,1014,1012,1007,16,13,0,45,6,,14,"Fog , Rain , Thunderstorm"
4/19/2015,89,73,57,69,58,39,100,60,20,1011,1009,1006,16,11,0,24,10,,0,"Fog , Thunderstorm"
4/20/2015,73,64,54,48,43,36,64,48,32,1018,1015,1012,16,16,16,24,10,,0,
4/21/2015,81,66,51,63,53,47,89,66,43,1017,1014,1012,16,16,16,21,8,,0,
4/22/2015,81,74,67,68,65,63,93,79,64,1014,1012,1009,16,16,11,26,11,,,
4/23/2015,85,77,68,72,69,66,100,85,69,1014,1012,1010,16,13,2,16,6,,0,
4/24/2015,85,77,69,74,72,69,100,85,69,1013,1010,1005,16,10,2,23,8,,11,"Rain , Thunderstorm"
4/25/2015,93,82,70,73,64,46,100,61,21,1010,1007,1004,16,11,3,19,8,,1,Thunderstorm
4/26/2015,86,78,69,72,69,63,93,77,61,1008,1004,1000,16,13,2,29,13,,2,"Rain , Thunderstorm"
4/27/2015,85,74,63,70,62,52,100,66,32,1009,1005,1000,16,14,2,27,6,,14,"Rain , Thunderstorm"
4/28/2015,65,59,53,59,52,47,84,74,64,1020,1015,1010,16,16,16,27,13,,0,
4/29/2015,77,63,49,48,45,41,93,61,29,1020,1018,1015,16,16,16,19,8,,0,
4/30/2015,83,67,50,51,49,47,89,60,31,1018,1016,1013,16,16,13,16,5,,0,
05-01-15,84,70,55,56,52,50,86,60,33,1018,1017,1015,16,16,16,16,3,,0,
05-02-15,83,71,58,55,53,51,80,58,36,1019,1017,1015,16,16,16,21,6,,0,
05-03-15,84,71,58,62,58,55,93,67,40,1017,1015,1014,16,16,16,24,10,,0,
05-04-15,84,75,66,66,63,59,93,71,49,1019,1017,1015,16,16,6,26,13,,0,
05-05-15,83,75,66,70,67,62,100,77,54,1016,1014,1011,16,10,0,32,11,,98,"Fog , Rain , Thunderstorm"
05-06-15,87,79,71,71,69,68,93,74,55,1015,1013,1009,16,13,5,23,13,,0,Rain
05-07-15,83,78,73,73,71,69,87,81,74,1014,1012,1009,16,14,3,27,14,,1,Rain
05-08-15,79,76,73,75,73,70,93,88,82,1014,1012,1008,16,8,2,21,10,,7,"Rain , Thunderstorm"
05-09-15,85,79,72,73,71,69,93,79,65,1012,1010,1007,16,11,3,27,14,,1,"Rain , Thunderstorm"
05-10-15,87,82,76,72,71,69,87,71,55,1011,1009,1007,16,14,11,27,16,,0,
05-11-15,79,74,68,73,67,61,94,78,62,1020,1016,1010,16,11,2,19,8,,10,"Rain , Thunderstorm"
05-12-15,69,67,65,67,65,63,100,91,81,1023,1021,1018,16,13,2,16,8,,6,Rain
5/13/2015,70,67,64,70,66,64,100,97,93,1021,1019,1016,16,8,0,23,6,,28,"Fog , Rain , Thunderstorm"
5/14/2015,87,78,68,74,71,66,100,83,65,1019,1017,1014,16,10,2,24,8,,2,Rain
5/15/2015,77,72,67,71,68,65,100,87,74,1017,1014,1011,16,13,2,21,6,,9,"Rain , Thunderstorm"
5/16/2015,87,77,67,73,70,65,97,79,61,1013,1011,1008,16,14,10,29,14,,0,
5/17/2015,84,75,66,72,68,65,100,83,65,1018,1014,1009,16,10,2,35,8,,66,"Rain , Thunderstorm"
5/18/2015,88,81,73,75,72,70,93,77,61,1019,1017,1014,16,14,5,19,8,,0,Rain
5/19/2015,89,82,74,75,72,69,87,73,59,1018,1016,1011,16,13,8,27,13,,,Rain
5/20/2015,89,81,72,76,72,70,94,75,56,1016,1014,1012,16,13,2,21,8,,8,"Rain , Thunderstorm"
5/21/2015,76,69,62,74,63,59,94,84,73,1020,1019,1014,16,16,11,24,10,,1,"Rain , Thunderstorm"
5/22/2015,77,70,62,71,67,61,100,91,82,1020,1019,1017,16,10,2,16,6,,1,Rain
5/23/2015,87,77,66,74,71,66,100,83,65,1020,1017,1013,16,10,0,29,11,,36,"Fog , Rain , Thunderstorm"
5/24/2015,82,73,64,70,68,63,93,81,69,1014,1012,1009,16,16,8,13,10,,19,Rain
5/25/2015,82,74,66,74,69,66,100,87,74,1013,1010,1007,16,11,0,26,8,,132,"Fog , Rain , Thunderstorm"
5/26/2015,89,78,66,75,69,64,100,80,59,1017,1014,1012,16,10,3,21,10,32,0,Thunderstorm
5/27/2015,85,76,67,75,70,64,94,82,69,1019,1017,1014,16,14,10,19,8,29,,"Rain , Thunderstorm"
5/28/2015,87,78,69,79,73,70,94,80,65,1019,1016,1012,16,13,3,24,10,40,5,"Rain , Thunderstorm"
5/29/2015,89,77,64,73,66,63,100,76,51,1017,1014,1009,16,13,2,34,8,53,17,"Rain , Thunderstorm"
5/30/2015,88,79,70,70,68,64,93,74,55,1018,1016,1014,16,16,13,19,3,26,,"Rain , Thunderstorm"
5/31/2015,86,77,67,67,64,61,90,67,44,1021,1018,1016,16,16,16,14,3,26,0,
06-01-15,88,76,64,66,65,63,93,70,46,1019,1017,1016,16,16,14,13,3,19,0,
06-02-15,90,79,67,70,66,64,93,70,46,1017,1015,1012,16,16,16,14,3,26,0,
06-03-15,89,78,67,70,66,64,90,69,47,1015,1013,1011,16,16,16,21,8,32,0,
06-04-15,88,78,68,70,66,63,90,68,45,1016,1014,1013,16,16,16,19,6,26,0,
06-05-15,90,80,69,72,68,66,97,72,47,1019,1016,1014,16,16,16,19,6,27,,
06-06-15,90,80,70,70,67,64,97,72,46,1016,1015,1013,16,16,16,14,5,23,0,
06-07-15,91,81,70,70,67,64,97,71,44,1015,1014,1012,16,16,16,19,6,27,0,
06-08-15,93,82,71,71,68,64,93,67,41,1016,1014,1012,16,16,16,14,5,,0,
06-09-15,95,84,72,70,67,61,87,60,33,1014,1012,1009,16,16,16,13,5,21,0,
06-10-15,93,83,72,70,68,66,79,62,44,1012,1010,1008,16,16,16,16,6,26,0,
06-11-15,94,84,73,72,70,69,93,71,49,1012,1009,1007,16,16,16,24,11,40,0,
06-12-15,93,84,75,75,73,71,88,70,52,1012,1010,1008,16,16,16,21,10,32,0,
6/13/2015,95,85,75,74,72,69,94,70,46,1013,1010,1008,16,16,16,29,11,,,
6/14/2015,86,79,72,76,73,71,100,87,74,1014,1012,1010,16,13,0,21,10,35,34,"Fog , Rain , Thunderstorm"
6/15/2015,89,82,74,76,73,69,100,78,55,1015,1014,1010,16,14,3,26,6,39,5,"Rain , Thunderstorm"
6/16/2015,83,78,73,75,73,70,94,84,74,1015,1013,1008,16,13,0,24,11,40,34,"Fog , Rain , Thunderstorm"
6/17/2015,89,81,72,77,74,71,100,83,65,1014,1011,1007,16,11,0,37,8,,68,"Fog , Rain , Thunderstorm"
6/18/2015,90,82,73,75,73,70,100,82,64,1017,1014,1012,16,16,11,19,6,,0,Thunderstorm
6/19/2015,84,78,71,76,73,70,94,87,79,1019,1017,1015,16,13,0,21,2,35,28,"Fog , Rain , Thunderstorm"
6/20/2015,83,78,72,77,73,70,100,90,79,1018,1017,1015,16,13,0,27,5,42,12,"Fog , Rain , Thunderstorm"
6/21/2015,86,79,72,78,75,70,100,85,70,1019,1017,1015,16,11,0,27,6,47,24,"Fog , Rain , Thunderstorm"
6/22/2015,89,81,72,77,74,71,100,84,68,1020,1018,1017,16,14,10,16,8,,0,
6/23/2015,92,84,75,76,73,71,94,73,52,1022,1019,1017,16,16,16,21,8,,0,Thunderstorm
6/24/2015,92,83,74,74,73,70,100,78,56,1022,1020,1017,16,16,16,19,5,,0,
6/25/2015,93,83,73,74,72,70,100,76,52,1020,1018,1015,16,16,16,19,6,,0,
6/26/2015,93,85,76,74,73,70,94,73,52,1018,1015,1012,16,16,16,16,10,,0,
6/27/2015,91,83,74,75,73,70,94,75,56,1018,1016,1014,16,16,10,23,2,,0,"Rain , Thunderstorm"
6/28/2015,91,82,73,75,73,70,94,73,52,1018,1016,1014,16,14,3,21,3,,2,"Rain , Thunderstorm"
6/29/2015,93,84,74,74,72,70,100,75,49,1017,1015,1013,16,14,8,16,8,,0,
6/30/2015,94,84,73,76,73,71,100,76,52,1019,1016,1014,16,11,0,23,6,,19,"Fog , Rain , Thunderstorm"
07-01-15,91,81,71,75,71,69,93,78,63,1018,1016,1015,16,16,16,27,6,,,Rain
07-02-15,91,81,70,73,71,69,100,78,56,1017,1015,1013,16,16,10,26,10,,,
07-03-15,91,84,76,74,72,69,88,69,49,1017,1015,1012,16,14,11,19,10,,,
07-04-15,92,84,76,74,73,72,94,73,52,1017,1015,1013,16,16,14,23,11,,0,
07-05-15,91,84,76,75,73,71,94,75,56,1019,1016,1013,16,16,13,23,11,,0,
07-06-15,91,84,77,74,72,69,88,72,55,1018,1016,1012,16,14,11,26,13,,0,
07-07-15,91,85,78,75,73,70,85,71,56,1017,1014,1013,16,16,13,26,13,,,
07-08-15,91,85,78,74,72,69,85,69,52,1017,1015,1014,16,14,10,29,13,,0,
07-09-15,93,85,76,74,71,66,88,65,41,1019,1017,1015,16,14,10,26,13,,0,
07-10-15,94,84,74,74,70,64,94,68,41,1020,1018,1016,16,14,10,21,10,,0,
07-11-15,93,83,73,73,70,66,94,69,44,1021,1019,1018,16,16,13,23,8,,0,
07-12-15,94,84,74,73,71,68,87,67,46,1020,1018,1015,16,16,16,19,8,,0,
7/13/2015,96,86,75,73,71,68,94,69,43,1016,1014,1010,16,16,14,21,8,,0,
7/14/2015,97,86,74,72,69,62,87,61,34,1014,1012,1009,16,16,16,16,10,,0,
7/15/2015,95,85,75,72,70,66,87,64,41,1016,1013,1010,16,16,16,21,10,,0,
7/16/2015,95,85,74,72,70,67,93,69,44,1017,1014,1012,16,16,6,19,10,,0,
7/17/2015,96,86,76,74,72,69,88,66,43,1017,1014,1010,16,16,16,21,11,,0,
7/18/2015,98,88,77,74,72,69,88,65,42,1016,1015,1013,16,16,16,23,11,,0,
7/19/2015,97,87,76,74,72,68,88,65,42,1018,1015,1013,16,16,16,21,10,,0,
7/20/2015,97,86,74,73,71,67,94,66,38,1017,1014,1010,16,16,13,19,8,,0,
7/21/2015,97,86,75,73,71,66,94,66,38,1014,1012,1009,16,16,13,21,10,,0,
7/22/2015,97,87,77,74,72,68,85,64,42,1014,1012,1009,16,16,16,21,11,,0,
7/23/2015,99,88,77,73,70,65,88,62,35,1017,1014,1012,16,16,16,23,11,,0,
7/24/2015,99,88,77,74,71,68,85,62,38,1018,1015,1012,16,16,16,21,10,,0,
7/25/2015,98,87,75,73,70,66,94,66,38,1017,1014,1010,16,16,16,19,8,31,0,
7/26/2015,98,87,76,75,72,68,94,67,40,1014,1012,1010,16,14,10,19,10,27,0,
7/27/2015,100,89,77,75,72,66,88,62,35,1015,1013,1009,16,14,8,21,10,32,0,
7/28/2015,100,89,77,75,71,65,91,63,35,1016,1014,1011,16,14,10,23,13,40,0,
7/29/2015,101,89,76,74,71,65,88,61,33,1018,1016,1014,16,16,16,19,10,29,0,
7/30/2015,101,88,75,71,66,60,82,55,27,1018,1016,1014,16,16,16,16,3,26,0,
7/31/2015,102,90,78,70,68,62,69,52,35,1016,1015,1012,16,16,16,21,6,34,0,
08-01-15,99,86,73,64,61,56,68,47,25,1016,1014,1012,16,16,16,16,5,27,0,
08-02-15,100,88,75,66,61,58,69,48,26,1014,1012,1009,16,16,16,16,5,26,0,
08-03-15,99,87,75,69,64,60,79,54,29,1013,1011,1010,16,16,16,21,6,27,0,
08-04-15,100,89,77,74,70,66,88,62,35,1016,1013,1011,16,16,16,19,10,35,0,
08-05-15,101,90,78,75,71,64,85,59,33,1017,1014,1011,16,16,16,21,11,34,0,
08-06-15,102,90,77,73,71,65,85,59,33,1016,1012,1009,16,16,16,21,11,35,0,
08-07-15,101,89,76,73,70,66,88,61,33,1014,1012,1009,16,16,16,21,10,35,0,
08-08-15,103,90,76,73,73,72,100,66,31,1011,1011,1011,16,16,16,32,16,39,0,
08-09-15,103,89,74,,,,100,65,29,,,,,,,,,,0,
08-10-15,105,90,74,,,,100,62,24,,,,,,,23,10,32,0,
08-11-15,105,90,75,,,,,,,,,,,,,,,,0,
08-12-15,105,92,79,69,68,66,55,43,31,1016,1014,1013,16,16,16,21,5,,0,
8/13/2015,104,91,78,70,67,63,74,51,27,1016,1014,1012,16,16,16,16,5,,0,
8/14/2015,101,90,78,74,69,65,85,58,31,1016,1014,1012,16,16,16,16,6,,0,
8/15/2015,98,89,79,73,66,56,74,54,33,1017,1015,1012,16,16,16,16,5,,0,Thunderstorm
8/16/2015,98,87,75,70,67,61,82,58,33,1016,1014,1011,16,16,13,21,6,,0,
8/17/2015,98,86,74,71,68,64,87,61,35,1015,1013,1010,16,16,14,19,6,,0,
8/18/2015,99,88,76,73,70,65,88,62,35,1014,1010,1006,16,16,16,23,11,,0,
8/19/2015,99,89,78,74,72,67,85,62,39,1012,1009,1006,16,16,16,21,10,,0,
8/20/2015,84,79,73,74,71,66,94,78,62,1016,1014,1011,16,13,2,21,6,,9,"Rain , Thunderstorm"
8/21/2015,92,82,72,74,71,67,93,73,52,1017,1015,1011,16,14,6,23,8,,,Rain
8/22/2015,99,87,75,75,73,65,94,65,35,1015,1013,1010,16,16,16,21,10,,0,
8/23/2015,101,89,76,76,72,65,94,64,33,1018,1015,1013,16,16,16,19,8,,0,
8/24/2015,101,89,76,73,68,62,87,58,29,1018,1016,1014,16,16,16,14,3,,0,
8/25/2015,101,89,77,71,68,65,79,56,33,1018,1016,1015,16,16,16,19,5,,0,
8/26/2015,98,86,73,71,68,64,87,62,36,1020,1018,1016,16,16,16,13,5,,0,
8/27/2015,98,86,74,72,64,56,87,56,25,1018,1016,1014,16,16,16,19,6,,0,
8/28/2015,98,85,72,65,60,57,73,50,27,1016,1014,1012,16,16,16,19,6,,0,
8/29/2015,95,83,71,65,63,60,79,55,31,1017,1015,1014,16,16,16,14,5,,0,
8/30/2015,96,86,75,67,65,62,74,55,36,1017,1015,1013,16,16,16,16,5,,0,
8/31/2015,97,86,74,72,67,61,87,59,30,1018,1015,1013,16,16,16,26,8,,0,
09-01-15,94,84,74,72,69,63,87,64,41,1018,1016,1013,16,16,16,23,8,,0,
09-02-15,95,83,71,70,67,64,90,65,39,1019,1016,1012,16,16,16,19,6,,0,
09-03-15,94,84,73,71,69,65,87,64,41,1016,1013,1009,16,16,16,21,5,,0,
09-04-15,100,88,75,74,72,66,88,62,35,1015,1013,1010,16,16,16,23,10,,0,
09-05-15,101,90,79,77,73,66,91,62,33,1017,1014,1012,16,16,16,26,11,,0,
09-06-15,100,88,76,75,71,65,94,63,31,1018,1014,1011,16,16,13,19,10,,0,
09-07-15,100,88,76,74,70,64,88,61,33,1015,1013,1010,16,16,16,21,10,,0,
09-08-15,99,88,76,74,71,65,88,61,33,1015,1012,1008,16,16,16,16,8,,0,
09-09-15,93,84,74,75,73,68,100,74,47,1015,1013,1009,16,13,2,16,5,,27,"Rain , Thunderstorm"
09-10-15,96,84,72,76,73,68,100,71,42,1015,1013,1009,16,11,0,26,3,,20,"Fog , Rain , Thunderstorm"
09-11-15,93,84,75,75,73,68,94,72,49,1016,1013,1011,16,13,6,19,5,,,
09-12-15,91,80,69,72,57,46,87,55,23,1019,1017,1015,16,16,16,21,8,,0,
9/13/2015,91,77,63,58,51,47,73,49,24,1019,1017,1014,16,16,16,21,6,,0,
9/14/2015,90,77,64,68,57,51,79,53,27,1018,1016,1014,16,16,16,19,8,,0,
9/15/2015,95,84,73,72,70,68,87,67,46,1019,1017,1015,16,16,11,26,8,,,
9/16/2015,93,84,75,74,72,69,94,72,49,1020,1018,1015,16,14,3,21,10,,1,Rain
9/17/2015,96,86,75,73,71,65,94,67,39,1018,1016,1011,16,16,16,21,10,,0,
9/18/2015,96,86,75,73,70,61,94,64,33,1015,1012,1009,16,16,16,19,10,,0,
9/19/2015,96,85,74,73,68,53,94,60,26,1016,1013,1011,16,16,16,14,5,,0,
9/20/2015,95,82,69,70,63,57,90,60,30,1016,1015,1013,,,,14,5,,0,
9/21/2015,95,84,73,71,64,53,87,57,26,1016,1014,1013,,,,19,6,,0,
9/22/2015,97,84,70,67,64,61,79,56,33,1017,1015,1014,16,16,16,16,6,,0,
9/23/2015,94,81,68,69,62,53,90,58,26,1018,1016,1013,16,16,14,16,3,24,0,
9/24/2015,95,82,69,64,58,52,73,49,24,1017,1016,1014,16,16,16,16,3,26,0,
9/25/2015,96,84,72,67,64,60,79,58,36,1017,1016,1014,16,16,16,19,3,31,,"Rain , Thunderstorm"
9/26/2015,95,82,68,65,59,51,84,54,24,1016,1014,1011,16,16,16,19,5,34,0,
9/27/2015,95,81,67,67,59,52,76,50,24,1014,1012,1009,16,16,16,21,3,35,0,
9/28/2015,89,79,69,66,63,60,90,64,38,1012,1010,1008,16,16,11,19,5,27,0,
9/29/2015,94,81,67,66,64,62,87,63,38,1013,1011,1010,16,16,16,16,3,27,0,
9/30/2015,95,83,70,65,62,58,84,56,28,1016,1014,1013,16,16,16,16,3,26,0,
10-01-15,94,82,69,63,60,57,73,52,30,1019,1016,1014,16,14,2,19,6,27,0,
10-02-15,89,78,67,58,50,40,68,45,22,1018,1015,1012,16,16,16,19,8,29,0,
10-03-15,87,72,56,45,43,40,57,40,22,1014,1012,1009,16,16,16,13,5,23,0,
10-04-15,87,73,59,50,47,44,67,45,23,1017,1014,1012,16,16,16,13,3,23,0,
10-05-15,85,76,67,56,52,48,57,45,32,1019,1017,1015,16,16,16,14,3,,0,
10-06-15,90,77,63,56,53,49,63,44,24,1021,1018,1016,16,16,16,13,5,,0,
10-07-15,91,77,62,63,58,53,72,54,36,1019,1017,1015,16,16,16,19,5,,0,
10-08-15,91,80,68,69,64,59,90,64,38,1018,1016,1014,16,16,16,16,5,,0,
10-09-15,88,80,72,66,64,62,79,62,45,1021,1018,1017,16,16,14,13,3,,0,
10-10-15,90,79,67,62,59,58,78,56,34,1023,1020,1017,16,16,16,16,5,,0,
10-11-15,95,80,64,64,61,59,78,55,31,1018,1013,1009,16,16,16,21,6,,0,
10-12-15,99,86,72,73,67,64,90,62,33,1010,1008,1006,16,14,8,21,10,,0,
10/13/2015,94,79,64,73,45,28,79,45,10,1017,1015,1011,16,16,16,19,8,,0,
10/14/2015,96,78,60,49,41,35,60,36,12,1019,1017,1015,16,16,8,14,5,,0,
10/15/2015,95,79,63,67,56,46,87,55,23,1020,1018,1016,16,16,11,19,6,,0,
10/16/2015,90,76,62,66,56,48,93,60,26,1023,1021,1019,16,16,16,19,3,,0,
10/17/2015,88,75,62,54,48,42,67,46,25,1026,1023,1022,16,16,16,14,6,26,0,
10/18/2015,84,71,57,42,35,29,51,33,14,1028,1025,1023,16,16,16,14,6,23,0,
10/19/2015,86,70,54,53,45,38,67,46,25,1025,1022,1019,16,16,16,19,6,29,0,
10/20/2015,87,73,58,68,58,52,86,61,35,1022,1019,1016,16,16,16,21,6,32,0,
10/21/2015,86,79,72,70,68,65,90,71,51,1020,1018,1015,16,16,14,26,13,39,,Rain
10/22/2015,82,76,70,74,70,67,100,85,69,1017,1015,1012,16,11,3,26,11,40,4,Rain
10/23/2015,80,76,71,76,73,69,100,91,82,1014,1012,1010,16,11,2,34,10,51,11,"Rain , Thunderstorm"
10/24/2015,76,68,60,74,66,60,100,94,87,1016,1013,1009,16,6,2,27,14,42,122,Rain
10/25/2015,64,61,57,58,57,55,100,89,78,1018,1017,1016,16,13,5,27,14,50,17,Rain
10/26/2015,79,69,58,57,54,50,78,62,45,1018,1015,1012,16,16,16,24,10,37,0,
10/27/2015,84,71,58,56,53,47,93,61,28,1014,1011,1007,16,16,16,13,5,23,0,
10/28/2015,82,70,58,54,50,45,78,53,28,1013,1011,1008,16,16,16,29,6,50,0,
10/29/2015,81,66,51,64,54,49,96,66,35,1015,1012,1010,16,16,16,19,6,29,0,
10/30/2015,75,71,67,73,70,65,100,90,79,1012,1007,1003,16,6,0,47,13,68,125,"Fog , Rain , Thunderstorm"
10/31/2015,77,71,65,73,65,59,100,82,64,1013,1007,1002,16,13,2,26,6,43,23,"Rain , Thunderstorm"
11-01-15,75,67,59,59,57,53,97,75,53,1017,1015,1013,16,16,8,13,5,,2,Rain
11-02-15,79,68,57,60,58,55,100,75,50,1017,1015,1013,16,8,0,16,5,,0,Fog
11-03-15,80,69,57,62,59,55,100,74,47,1019,1016,1014,16,11,0,16,5,,0,Fog
11-04-15,78,70,61,68,64,59,100,82,64,1018,1017,1015,16,14,8,21,8,,,Rain
11-05-15,85,79,72,74,72,69,100,83,65,1017,1015,1012,16,14,3,19,10,,1,"Rain , Thunderstorm"
11-06-15,76,68,59,71,54,43,87,62,37,1020,1018,1016,16,16,16,23,5,,1,Rain
11-07-15,63,60,56,57,54,43,100,79,57,1025,1022,1017,16,13,0,27,13,,13,"Fog , Rain"
11-08-15,71,62,53,47,43,41,72,56,39,1026,1024,1021,16,16,16,21,8,,0,
11-09-15,73,63,52,55,50,44,83,66,49,1022,1020,1018,16,16,16,10,2,,0,
11-10-15,74,67,60,67,63,55,90,82,73,1020,1017,1014,16,16,16,19,6,,0,
11-11-15,85,77,69,71,64,27,93,62,31,1016,1012,1009,16,16,16,21,11,,0,
11-12-15,71,64,56,41,36,27,51,36,20,1025,1022,1017,16,16,16,26,10,,0,
11/13/2015,65,61,56,43,39,37,57,47,37,1027,1025,1024,16,16,16,11,6,,0,
11/14/2015,65,60,54,52,46,40,83,66,48,1028,1026,1025,16,16,10,13,5,,0,Rain
11/15/2015,70,62,54,62,53,46,87,73,58,1025,1022,1018,16,16,16,14,6,,0,
11/16/2015,75,70,65,71,67,63,100,92,84,1019,1011,1003,16,13,3,26,11,,0,Rain
11/17/2015,75,61,47,70,55,42,93,69,44,1009,1004,1000,16,13,2,29,6,,26,Rain
11/18/2015,72,58,43,45,42,39,93,64,35,1015,1011,1008,16,16,16,14,3,,0,
11/19/2015,79,63,46,51,46,41,86,59,32,1021,1019,1015,16,16,16,13,2,,0,
11/20/2015,77,65,52,61,55,49,93,67,40,1020,1017,1014,16,16,16,19,6,,0,
11/21/2015,66,54,41,63,47,25,93,63,32,1028,1020,1013,16,16,11,35,11,,,
11/22/2015,59,47,34,33,29,26,82,56,30,1029,1027,1024,16,16,16,13,3,,0,
11/23/2015,63,48,32,41,33,29,92,61,30,1028,1026,1023,16,16,16,14,3,,0,
11/24/2015,64,56,47,58,50,42,80,74,67,1024,1021,1018,16,16,16,14,5,,0,
11/25/2015,74,68,62,64,61,58,93,77,61,1020,1018,1017,16,16,8,23,8,,,Rain
11/26/2015,74,71,68,71,69,63,100,91,81,1021,1019,1017,16,13,3,23,11,,7,Rain
11/27/2015,74,58,41,71,58,39,100,94,87,1024,1021,1018,16,10,0,24,11,,37,"Fog , Rain"
11/28/2015,44,42,39,42,39,38,100,91,82,1025,1024,1022,16,14,6,21,11,,6,Rain
11/29/2015,47,45,42,44,42,40,96,91,86,1025,1022,1019,16,13,3,14,6,,1,Rain
11/30/2015,55,50,45,48,45,43,100,86,72,1020,1018,1017,16,16,6,11,3,,0,
12-01-15,59,53,46,46,43,39,93,72,51,1020,1018,1015,16,16,16,11,3,,0,
12-02-15,68,55,42,48,40,31,100,65,29,1026,1022,1018,16,16,0,14,5,,0,Fog
12-03-15,63,52,40,38,37,35,86,61,36,1030,1029,1026,16,16,16,13,2,,0,
12-04-15,63,50,37,43,38,35,92,66,39,1034,1031,1029,16,16,16,14,3,,0,
12-05-15,65,51,37,43,39,35,92,66,40,1033,1030,1028,16,16,16,14,3,,0,
12-06-15,70,57,44,51,46,42,93,71,49,1031,1029,1027,16,16,14,16,3,,0,
12-07-15,69,57,44,47,43,40,92,64,35,1028,1025,1021,16,16,6,11,2,,0,
12-08-15,75,59,42,54,48,41,96,70,43,1021,1017,1013,16,16,13,19,5,,0,
12-09-15,76,62,47,50,47,41,93,61,29,1018,1015,1013,16,16,13,13,3,,0,
12-10-15,78,65,51,62,58,46,100,78,56,1014,1011,1008,16,13,3,16,6,,0,
12-11-15,79,66,52,65,61,51,100,79,58,1012,1010,1008,16,10,0,23,10,,0,Fog
12-12-15,75,73,70,70,67,65,90,85,79,1010,1007,1003,16,14,10,27,14,,0,Rain
12/13/2015,74,60,46,69,52,43,96,84,72,1009,1006,1002,16,10,2,37,6,,39,Rain
12/14/2015,75,59,42,46,41,35,89,57,25,1011,1008,1007,16,16,16,16,5,,0,
12/15/2015,75,64,53,65,60,45,100,86,71,1009,1006,1004,16,16,13,14,6,,0,
12/16/2015,63,55,46,39,29,25,53,40,27,1017,1013,1009,16,16,16,24,13,,0,
12/17/2015,68,54,39,37,31,23,79,54,28,1025,1019,1016,16,16,16,23,6,,0,
12/18/2015,58,46,34,35,31,27,76,55,33,1031,1028,1025,16,16,16,21,5,,0,
12/19/2015,66,51,36,48,40,32,92,68,44,1033,1029,1027,16,16,16,21,6,,0,
12/20/2015,67,59,51,62,56,48,100,89,78,1028,1020,1016,16,16,8,21,8,,,Rain
12/21/2015,76,65,54,64,61,51,93,79,64,1016,1015,1012,16,14,8,13,3,,0,
12/22/2015,79,64,49,66,57,46,93,69,45,1013,1006,1000,16,16,16,21,8,,0,
12/23/2015,81,67,53,66,54,40,93,59,25,1006,1001,998,16,14,5,24,5,,0,
12/24/2015,74,63,52,63,56,46,93,81,68,1014,1010,1007,16,14,6,16,2,,0,
12/25/2015,70,61,51,66,53,43,93,77,61,1017,1014,1010,16,14,10,14,3,,0,
12/26/2015,78,74,70,70,69,68,93,85,76,1010,1006,1003,16,14,8,34,16,50,3,Rain
12/27/2015,73,55,36,69,47,33,93,89,84,1009,1005,1000,16,13,2,34,16,53,34,"Rain , Thunderstorm"
12/28/2015,46,41,36,34,30,28,92,75,58,1018,1014,1008,16,16,16,34,13,56,,
12/29/2015,49,43,37,43,36,32,92,74,56,1022,1019,1016,16,13,5,13,5,18,1,Rain
12/30/2015,57,49,41,44,42,39,100,80,59,1026,1024,1021,16,11,5,14,6,23,,Rain
12/31/2015,53,46,39,40,39,37,93,78,63,1029,1027,1024,16,16,16,21,10,32,0,
01-01-16,48,46,44,36,33,28,66,60,53,1034,1032,1029,,,,24,13,39,,Rain
01-02-16,47,45,42,42,34,29,100,77,53,1033,1030,1028,,,,13,3,21,5,Rain
01-03-16,62,52,41,43,39,32,96,70,43,1028,1026,1023,16,16,16,14,5,23,,Rain
01-04-16,58,48,37,33,31,30,79,58,36,1030,1027,1025,16,16,16,14,6,21,0,
01-05-16,56,46,36,40,36,32,85,68,51,1028,1025,1023,16,16,16,14,5,19,,Rain
01-06-16,53,50,46,52,47,41,100,86,71,1023,1018,1014,16,8,2,14,5,21,3,"Rain , Thunderstorm"
01-07-16,73,61,49,53,50,46,100,71,41,1015,1013,1009,16,8,0,14,3,21,0,Fog
01-08-16,66,55,44,57,50,43,100,86,72,1011,1009,1005,16,11,3,21,5,29,0,Thunderstorm
01-09-16,58,48,38,44,34,28,71,59,46,1024,1017,1010,16,16,16,29,14,48,0,
01-10-16,50,42,33,28,26,25,82,61,39,1029,1026,1024,16,16,16,19,6,26,0,
01-11-16,56,45,34,32,28,25,82,59,35,1026,1025,1022,16,16,16,11,2,14,0,
01-12-16,66,50,34,39,34,29,89,58,27,1028,1025,1024,16,16,16,16,3,26,0,
1/13/2016,66,52,38,42,39,36,92,68,43,1025,1022,1019,16,16,16,16,3,27,0,
1/14/2016,70,59,47,55,50,40,93,75,57,1018,1013,1007,16,16,16,19,5,31,0,
1/15/2016,70,59,48,53,39,29,93,58,22,1012,1009,1006,16,16,16,16,5,27,0,
1/16/2016,64,54,43,43,37,33,76,61,46,1022,1015,1008,16,16,16,32,8,47,,Rain
1/17/2016,57,45,32,35,32,30,89,65,41,1024,1022,1019,16,16,16,19,5,29,0,
1/18/2016,59,48,36,38,36,33,92,70,47,1030,1027,1024,16,16,16,13,3,19,0,
1/19/2016,69,56,43,51,47,41,100,78,55,1025,1022,1019,16,11,3,23,6,42,0,
1/20/2016,57,51,45,51,39,31,89,70,50,1024,1019,1016,16,16,14,19,6,27,0,
1/21/2016,64,54,43,56,46,27,100,66,32,1024,1016,1012,16,10,2,35,11,58,0,Rain
1/22/2016,54,46,37,30,29,28,70,56,41,1029,1026,1023,16,16,16,29,13,42,0,
1/23/2016,57,44,31,32,30,27,85,61,36,1028,1025,1022,16,16,16,13,5,19,0,
1/24/2016,70,53,35,52,41,31,82,61,40,1021,1017,1013,16,16,16,23,8,39,0,
1/25/2016,75,66,56,57,51,37,93,66,38,1018,1014,1012,16,16,16,16,6,32,0,
1/26/2016,58,51,43,36,32,26,58,50,41,1027,1023,1018,16,16,16,29,16,48,,Rain
1/27/2016,59,48,36,30,26,20,70,47,24,1029,1027,1024,16,16,16,23,8,34,0,
1/28/2016,71,52,32,36,32,27,82,53,23,1025,1022,1019,16,16,16,16,3,27,0,
1/29/2016,76,57,38,39,35,33,85,53,21,1020,1017,1014,16,16,16,23,6,39,0,
1/30/2016,77,62,46,56,46,39,84,59,33,1014,1012,1009,16,16,16,23,10,40,0,
1/31/2016,86,72,58,58,54,36,93,55,17,1012,1009,1007,16,16,16,19,8,31,0,
02-01-16,77,66,54,61,54,37,100,73,46,1011,1007,1000,16,11,0,29,13,45,0,Fog
02-02-16,72,62,51,36,27,23,37,28,18,1014,1008,1005,16,16,8,26,10,37,0,
02-03-16,58,49,39,27,25,23,54,41,28,1029,1023,1015,16,16,16,24,11,37,0,
02-04-16,59,47,34,28,23,19,75,49,23,1035,1031,1030,16,16,16,13,5,19,0,
02-05-16,62,48,33,39,28,23,70,47,24,1032,1029,1026,16,16,16,24,6,35,0,
02-06-16,60,51,39,41,31,25,79,51,28,1029,1028,1026,16,16,16,24,11,47,0,"Rain , Thunderstorm"
02-07-16,68,50,32,37,33,30,96,62,28,1029,1024,1019,16,16,10,21,5,34,0,
02-08-16,65,56,46,33,20,14,58,37,15,1031,1027,1023,16,16,16,27,13,47,0,
02-09-16,74,57,39,33,27,20,59,40,20,1029,1027,1024,16,16,16,23,10,37,0,
02-10-16,74,56,38,36,33,30,82,54,25,1030,1026,1022,16,16,16,14,5,26,0,
02-11-16,83,68,52,47,37,30,52,36,20,1022,1020,1017,16,16,16,21,8,32,0,
02-12-16,79,63,47,48,43,38,93,60,27,1026,1023,1020,16,16,16,16,5,31,0,
2/13/2016,75,64,52,54,47,38,78,60,42,1028,1024,1021,16,16,16,24,10,39,0,
2/14/2016,75,66,57,57,55,53,93,71,49,1020,1015,1010,16,16,14,24,10,42,0,
2/15/2016,74,62,50,58,49,35,90,59,27,1015,1012,1009,16,16,16,26,8,40,0,
2/16/2016,82,63,43,47,40,32,71,49,26,1019,1016,1013,16,16,16,19,6,31,0,
2/17/2016,75,63,50,42,33,25,44,35,25,1026,1023,1019,16,16,16,21,10,,0,
2/18/2016,79,67,54,58,54,45,93,68,42,1024,1021,1018,16,16,11,26,14,,0,
2/19/2016,81,73,64,62,58,56,81,63,45,1022,1019,1016,16,16,16,26,13,,0,
2/20/2016,76,71,66,64,62,60,87,76,64,1019,1017,1014,16,16,11,23,10,,0,
2/21/2016,71,68,65,65,63,60,93,86,79,1018,1016,1014,16,16,13,14,5,,0,Rain
2/22/2016,72,65,57,59,56,52,90,74,57,1016,1012,1004,16,16,11,19,6,,0,
2/23/2016,61,54,47,58,50,36,93,76,59,1018,1007,1002,16,13,2,37,14,,34,"Rain , Thunderstorm"
2/24/2016,65,54,42,38,30,23,76,49,21,1025,1022,1018,16,16,16,29,11,,0,
2/25/2016,69,54,38,34,31,27,79,53,26,1031,1026,1023,16,16,16,21,8,,0,
2/26/2016,64,53,41,36,29,25,56,42,27,1033,1029,1027,16,16,16,16,5,,0,
2/27/2016,73,58,42,52,45,36,82,62,42,1027,1024,1020,16,16,16,23,8,,0,
2/28/2016,78,67,55,59,55,52,93,72,50,1020,1017,1014,16,16,16,21,11,,0,
2/29/2016,77,70,62,61,60,57,93,72,50,1020,1017,1014,16,16,16,21,10,,0,
03-01-16,81,70,59,62,55,35,87,62,36,1022,1017,1014,16,16,16,26,13,,0,
03-02-16,78,64,49,62,47,32,81,59,36,1023,1018,1013,16,16,13,26,10,,0,
03-03-16,83,73,62,64,50,33,87,53,18,1020,1015,1010,16,16,14,27,11,,0,
03-04-16,76,61,45,47,37,33,71,48,25,1023,1020,1017,16,16,16,19,6,,0,
03-05-16,79,68,57,56,54,49,93,66,39,1023,1020,1019,16,16,16,19,10,,0,
03-06-16,77,68,58,60,57,54,93,74,54,1022,1019,1014,16,14,8,26,14,,0,
03-07-16,76,70,64,65,62,59,87,76,64,1014,1010,1006,16,14,3,34,18,,0,Rain
03-08-16,83,76,68,69,66,64,90,74,58,1008,1005,1002,16,13,2,27,14,,6,"Rain , Thunderstorm"
03-09-16,71,65,59,67,58,57,100,92,84,1011,1007,1004,16,10,2,24,13,,55,"Rain , Thunderstorm"
03-10-16,64,61,58,61,59,57,93,92,90,1014,1012,1008,16,13,3,26,13,,10,Rain
03-11-16,71,65,59,63,61,57,100,87,73,1015,1014,1012,16,11,3,14,5,,9,"Rain , Thunderstorm"
03-12-16,74,66,57,58,56,54,100,75,49,1015,1013,1009,16,16,13,14,6,,,Rain
3/13/2016,85,71,56,61,51,37,97,59,20,1010,1009,1006,16,13,3,24,6,,0,
3/14/2016,92,73,54,63,50,41,73,48,23,1012,1009,1006,16,16,16,23,8,,0,
3/15/2016,92,80,67,68,58,41,100,59,18,1013,1009,1006,16,11,5,19,10,,0,
3/16/2016,81,71,61,67,57,42,84,61,37,1017,1014,1012,16,14,8,21,8,,0,
3/17/2016,79,73,67,67,66,64,90,76,62,1014,1012,1008,16,10,2,11,6,,1,Rain
3/18/2016,79,68,56,69,66,51,100,85,69,1016,1010,1007,16,11,3,27,8,,2,"Rain , Thunderstorm"
3/19/2016,62,55,47,49,36,28,72,52,31,1026,1021,1017,16,16,16,29,18,,0,
3/20/2016,64,53,42,32,28,25,62,44,25,1032,1029,1026,16,16,16,24,8,,0,
3/21/2016,68,52,35,39,34,30,82,57,32,1032,1028,1024,16,16,16,19,6,,0,
3/22/2016,78,62,45,58,50,40,86,67,47,1023,1018,1013,16,16,16,27,14,,0,
3/23/2016,82,74,65,65,62,59,87,71,54,1012,1009,1005,16,16,11,24,14,,1,
3/24/2016,70,59,48,67,46,31,72,51,30,1019,1014,1008,16,13,3,27,13,,4,"Rain , Thunderstorm"
3/25/2016,73,57,41,46,41,39,89,60,31,1017,1014,1010,16,16,16,19,6,,0,
3/26/2016,74,61,48,57,53,47,93,75,57,1014,1013,1011,16,14,8,21,6,,0,
3/27/2016,74,65,56,63,55,44,100,70,40,1022,1017,1013,16,13,3,24,8,,,Rain
3/28/2016,75,62,48,46,42,40,71,51,31,1022,1019,1016,16,16,16,16,6,,0,
3/29/2016,69,64,58,68,62,47,100,76,52,1016,1013,1010,16,8,3,21,10,,1,Rain
3/30/2016,77,73,68,70,69,68,100,88,76,1011,1007,1002,16,8,3,23,11,,1,Rain
3/31/2016,86,76,66,69,56,39,97,59,20,1008,1005,1003,16,11,3,19,8,,0,
04-01-16,66,59,51,52,45,38,72,57,42,1022,1015,1008,16,14,3,34,13,,9,"Rain , Thunderstorm"
04-02-16,74,60,45,42,38,34,76,50,23,1027,1024,1022,16,16,16,21,8,,0,
04-03-16,79,62,44,45,41,39,89,58,27,1025,1022,1019,16,16,16,19,5,,0,
04-04-16,83,68,53,53,46,38,66,48,30,1023,1021,1019,16,16,16,19,6,,0,
04-05-16,82,68,53,55,47,40,66,50,33,1023,1021,1017,16,16,16,24,8,,0,
04-06-16,82,69,55,58,48,35,90,56,21,1020,1017,1014,16,16,16,24,10,,0,
04-07-16,85,67,48,51,45,41,86,55,23,1019,1016,1014,16,16,16,14,5,,0,
04-08-16,80,68,55,49,43,38,77,51,25,1022,1020,1017,16,16,16,19,6,,0,
04-09-16,77,68,58,58,53,44,84,63,41,1021,1019,1016,16,16,3,26,8,,1,"Rain , Thunderstorm"
04-10-16,79,72,65,66,62,59,87,75,62,1017,1015,1011,16,16,16,34,13,,,
04-11-16,89,80,70,71,68,66,93,74,55,1015,1012,1010,16,16,10,24,8,,,
04-12-16,73,68,62,70,61,58,93,83,73,1020,1017,1014,16,13,2,24,11,42,30,"Rain , Thunderstorm"
4/13/2016,72,65,58,61,60,58,100,83,66,1019,1017,1014,16,13,3,16,6,32,10,Rain
4/14/2016,77,66,54,58,56,53,100,75,50,1018,1016,1013,16,10,0,16,6,27,0,Fog
4/15/2016,79,67,54,62,58,53,100,77,54,1014,1012,1008,16,13,6,23,8,35,0,
4/16/2016,75,70,64,71,66,61,100,92,84,1012,1010,1008,16,11,2,26,13,45,6,Rain
4/17/2016,78,71,64,71,67,63,97,90,82,1016,1014,1011,16,8,0,26,10,40,34,"Fog , Rain , Thunderstorm"
4/18/2016,75,69,63,68,65,63,100,87,73,1020,1018,1015,16,10,2,21,6,37,29,"Rain , Thunderstorm"
4/19/2016,81,72,62,67,64,61,100,79,58,1020,1018,1014,16,10,2,13,3,21,0,
4/20/2016,81,71,60,67,63,58,93,72,51,1018,1015,1013,16,14,3,32,6,56,15,"Rain , Thunderstorm"
4/21/2016,83,72,60,66,61,58,93,70,47,1019,1015,1012,16,13,3,27,8,40,10,"Rain , Thunderstorm"
4/22/2016,84,72,60,60,55,49,93,63,33,1020,1018,1017,16,16,16,19,6,26,0,
4/23/2016,83,69,55,59,54,50,87,61,34,1019,1017,1013,16,16,16,14,5,27,0,
4/24/2016,79,71,63,67,63,58,93,79,64,1015,1011,1008,16,16,16,21,10,32,,
4/25/2016,88,79,70,73,69,67,93,76,59,1011,1008,1004,16,16,10,24,11,40,0,Thunderstorm
4/26/2016,86,79,72,72,69,66,93,77,61,1008,1005,1001,16,13,6,27,14,43,0,
4/27/2016,90,76,62,71,58,36,93,54,15,1008,1005,1001,16,13,2,26,8,60,14,"Rain , Thunderstorm"
4/28/2016,87,75,63,73,66,56,93,71,48,1012,1008,1006,16,13,3,24,11,40,,
4/29/2016,84,80,75,74,73,72,94,82,70,1008,1004,1000,16,11,5,23,11,37,,Rain
4/30/2016,86,76,66,74,67,62,94,73,51,1009,1006,1001,16,13,0,21,6,37,23,"Fog , Rain , Thunderstorm"
05-01-16,78,72,66,65,60,55,87,69,50,1015,1012,1009,16,16,16,21,11,35,,
05-02-16,70,64,57,54,51,49,80,68,55,1021,1018,1015,16,16,16,24,11,40,,"Rain , Thunderstorm"
05-03-16,78,67,55,51,48,46,86,60,33,1021,1019,1016,16,16,16,19,6,31,0,
05-04-16,87,71,54,55,51,47,89,57,25,1020,1017,1015,16,16,16,21,8,31,0,
05-05-16,89,74,59,56,53,50,72,51,29,1018,1017,1014,16,16,16,13,6,24,0,
05-06-16,86,71,56,55,53,50,86,60,34,1019,1017,1015,16,16,16,16,5,31,0,
05-07-16,85,73,60,62,58,56,90,65,40,1017,1015,1012,16,16,16,27,10,47,0,
05-08-16,73,70,67,69,65,62,97,88,78,1014,1011,1007,16,16,5,27,13,,3,Rain
05-09-16,87,77,67,70,66,64,87,69,50,1009,1008,1005,16,16,11,26,11,,0,
05-10-16,91,79,66,74,70,64,93,75,56,1018,1012,1008,16,10,3,27,13,,7,"Rain , Thunderstorm"
05-11-16,87,76,65,73,67,63,87,76,65,1019,1015,1013,16,13,3,29,10,,8,"Rain , Thunderstorm"
05-12-16,84,76,68,70,68,63,93,78,62,1023,1019,1016,16,14,3,27,6,,3,"Rain , Thunderstorm"
5/13/2016,87,79,71,70,67,64,79,69,58,1022,1019,1016,16,16,16,13,6,,,
5/14/2016,81,72,63,71,68,64,100,87,74,1020,1018,1016,16,10,2,14,3,,20,"Rain , Thunderstorm"
5/15/2016,72,67,62,67,62,54,93,83,72,1020,1018,1015,16,14,6,14,6,,6,Rain
5/16/2016,80,74,67,67,66,65,100,84,67,1017,1013,1010,16,10,3,19,8,,7,Rain
5/17/2016,82,74,65,69,66,61,100,83,65,1018,1013,1010,16,10,2,32,8,,5,"Rain , Thunderstorm"
5/18/2016,78,71,64,63,61,58,93,77,60,1020,1017,1013,16,16,6,24,11,,4,"Rain , Thunderstorm"
5/19/2016,76,69,61,65,61,59,100,84,68,1018,1015,1011,16,8,2,24,8,,57,"Rain , Thunderstorm"
5/20/2016,83,73,62,66,62,60,93,74,55,1018,1015,1013,16,14,8,13,5,,0,
5/21/2016,83,77,70,74,69,64,87,81,74,1018,1016,1013,16,16,13,14,6,,0,
5/22/2016,87,80,72,75,72,69,93,82,70,1016,1014,1010,16,16,10,23,8,,,
5/23/2016,85,78,71,75,72,69,93,84,74,1015,1012,1009,16,14,3,23,11,,0,Rain
5/24/2016,87,81,74,74,72,70,87,76,65,1015,1013,1011,16,16,16,21,13,,0,
5/25/2016,86,82,77,77,75,73,88,81,74,1017,1015,1013,16,13,8,21,10,,0,
5/26/2016,90,79,68,78,73,67,93,76,59,1015,1010,1007,16,13,8,26,11,,13,"Rain , Thunderstorm"
5/27/2016,77,71,65,69,66,64,100,87,74,1012,1008,1005,16,13,3,19,10,,9,"Rain , Thunderstorm"
5/28/2016,91,78,65,77,69,64,100,79,57,1017,1013,1009,16,10,0,21,8,,1,"Fog , Rain , Thunderstorm"
5/29/2016,88,79,70,74,71,66,100,78,55,1019,1017,1014,16,13,5,23,10,,5,"Rain , Thunderstorm"
5/30/2016,89,78,66,72,67,61,93,67,40,1020,1016,1011,16,13,3,21,8,,8,"Rain , Thunderstorm"
5/31/2016,82,75,67,75,71,67,100,85,69,1014,1012,1008,16,13,2,23,5,,27,"Rain , Thunderstorm"
06-01-16,87,78,68,72,69,66,97,75,53,1014,1012,1009,16,10,2,16,3,,5,Rain
06-02-16,84,76,68,72,69,63,100,76,51,1014,1012,1010,16,11,2,16,6,,9,"Rain , Thunderstorm"
06-03-16,85,75,65,70,66,63,93,74,55,1014,1012,1009,16,10,2,16,5,,41,"Rain , Thunderstorm"
06-04-16,86,77,67,71,68,66,100,76,51,1014,1012,1010,16,14,3,21,8,,3,Rain
06-05-16,88,78,68,68,62,53,97,66,34,1013,1011,1010,16,16,16,23,10,,0,
06-06-16,90,80,70,63,59,57,68,53,38,1012,1011,1009,16,16,16,21,6,,0,
06-07-16,92,81,69,70,65,63,84,64,44,1013,1012,1010,16,16,16,13,3,,0,
06-08-16,92,81,70,72,70,67,93,71,49,1014,1013,1010,16,16,11,19,5,,0,
06-09-16,92,82,71,72,70,67,93,73,52,1015,1013,1012,16,16,10,32,8,,0,
06-10-16,91,80,69,73,71,68,97,77,56,1017,1014,1012,16,16,14,16,5,,0,
06-11-16,93,85,76,75,74,72,88,72,56,1018,1016,1013,16,14,8,19,10,,0,
06-12-16,94,86,77,77,76,75,91,74,56,1019,1016,1013,16,16,13,23,10,,0,
6/13/2016,94,85,76,76,75,73,91,76,60,1017,1014,1009,16,16,16,19,8,,0,
6/14/2016,94,86,78,76,74,73,85,71,56,1014,1011,1009,16,16,13,19,10,,0,
6/15/2016,96,87,78,75,73,71,85,66,46,1015,1013,1011,16,13,10,21,11,,0,
6/16/2016,96,86,75,75,73,70,94,71,48,1017,1014,1012,16,14,10,23,10,,0,
6/17/2016,97,87,76,75,73,71,94,70,46,1016,1014,1011,16,16,14,16,10,,0,
6/18/2016,96,86,76,75,73,71,88,67,46,1017,1015,1013,16,14,11,16,6,,0,
6/19/2016,94,86,77,76,73,68,85,67,49,1020,1018,1016,16,16,16,19,6,,0,
6/20/2016,95,85,75,74,71,69,87,65,43,1023,1021,1019,16,16,16,14,6,,0,
6/21/2016,96,86,75,73,71,69,87,66,45,1021,1019,1015,16,16,16,14,6,,0,
6/22/2016,96,86,76,74,72,71,94,72,49,1019,1016,1013,16,16,5,21,10,,0,
6/23/2016,95,85,75,73,72,68,94,70,46,1019,1017,1014,16,16,16,23,10,,0,
6/24/2016,93,84,75,74,73,71,94,73,52,1019,1016,1014,16,16,16,21,10,,0,
6/25/2016,88,83,77,78,75,72,94,81,68,1019,1017,1016,16,16,11,16,8,,1,"Rain , Thunderstorm"
6/26/2016,95,86,76,76,73,69,100,73,46,1021,1018,1016,16,14,8,21,8,,0,
6/27/2016,96,86,75,75,71,68,87,65,42,1021,1018,1015,16,16,16,13,3,,0,
6/28/2016,101,87,72,73,71,68,100,69,37,1018,1017,1014,16,14,2,42,5,,8,"Rain , Thunderstorm"
6/29/2016,96,84,71,75,70,66,93,66,39,1018,1015,1013,16,16,16,14,3,,0,
6/30/2016,94,85,76,74,71,67,88,65,41,1016,1014,1013,16,16,16,16,6,,0,
07-01-16,96,85,74,74,71,69,93,70,46,1017,1015,1013,16,16,13,16,8,,0,
07-02-16,98,87,76,74,73,71,88,67,45,1018,1015,1012,16,16,14,23,11,,0,
07-03-16,98,88,78,75,74,73,85,67,48,1016,1013,1009,16,16,16,24,13,,0,
07-04-16,99,90,80,75,74,70,85,62,39,1015,1013,1011,16,16,16,23,13,,0,
07-05-16,99,89,79,75,74,73,85,65,45,1016,1014,1012,16,14,0,26,13,,0,
07-06-16,100,90,79,75,73,68,91,68,45,1017,1014,1011,16,16,16,26,13,,0,
07-07-16,99,89,79,74,73,71,85,64,42,1015,1013,1011,16,16,8,26,14,,0,
07-08-16,100,90,79,75,73,68,85,64,42,1018,1015,1012,16,16,16,23,11,,0,
07-09-16,99,89,78,76,73,69,91,65,39,1018,1016,1012,16,16,13,21,11,,0,
07-10-16,97,87,77,78,74,69,91,67,42,1018,1014,1010,16,14,10,23,10,,1,"Rain , Thunderstorm"
07-11-16,100,90,79,75,71,65,85,60,35,1014,1012,1010,16,16,14,27,14,,0,
07-12-16,100,89,77,74,72,69,88,64,39,1015,1013,1012,16,16,16,27,14,,0,
7/13/2016,101,91,80,76,73,69,85,64,42,1017,1015,1012,16,16,16,24,13,,0,
7/14/2016,101,89,77,74,73,71,88,64,40,1018,1015,1012,16,16,16,27,13,,0,
7/15/2016,101,90,78,75,71,64,91,62,33,1018,1015,1011,16,16,14,21,11,,0,
7/16/2016,100,88,76,74,72,66,94,66,38,1018,1015,1013,16,16,14,19,8,,0,
7/17/2016,99,88,76,74,72,66,88,63,38,1019,1017,1015,16,16,16,19,11,,0,
7/18/2016,99,89,78,75,72,68,91,65,39,1022,1019,1017,16,16,16,23,8,,0,
7/19/2016,100,89,77,74,72,69,85,64,42,1023,1020,1017,16,16,16,24,8,,0,
7/20/2016,101,89,77,75,72,66,88,62,35,1023,1020,1017,16,16,16,21,8,,0,
7/21/2016,101,89,76,73,69,65,87,60,33,1021,1018,1016,16,16,16,19,6,,0,
7/22/2016,102,89,76,73,69,65,87,59,31,1019,1016,1014,16,16,16,19,6,,0,
7/23/2016,101,90,78,74,71,67,85,60,35,1017,1014,1010,16,16,16,21,10,,0,
7/24/2016,101,90,78,75,73,68,91,64,37,1016,1013,1010,16,16,16,21,8,,0,
7/25/2016,102,89,76,76,73,69,94,66,37,1015,1013,1009,16,14,3,34,5,,19,"Rain , Thunderstorm"
7/26/2016,93,84,75,77,75,71,100,76,52,1015,1014,1012,16,11,2,14,3,,2,"Rain , Thunderstorm"
7/27/2016,92,83,74,78,74,70,100,78,55,1017,1015,1012,16,10,0,26,5,,27,"Fog , Rain , Thunderstorm"
7/28/2016,97,86,75,76,73,71,94,70,46,1017,1015,1013,16,16,13,35,5,,0,Thunderstorm
7/29/2016,96,85,74,75,72,69,91,67,43,1018,1015,1012,16,16,16,14,6,,0,
7/30/2016,97,87,76,76,73,69,100,71,42,1018,1015,1012,16,16,16,19,8,,0,
7/31/2016,98,88,78,75,73,67,91,66,40,1017,1015,1012,,,,21,10,,0,
08-01-16,99,87,75,74,70,60,94,62,29,1018,1016,1014,16,16,16,21,10,,0,
08-02-16,98,87,75,74,72,69,94,67,39,1019,1017,1014,16,16,16,19,8,,0,
08-03-16,99,88,76,74,72,70,94,68,42,1017,1015,1012,16,16,16,16,6,,0,
08-04-16,99,88,76,75,72,70,88,65,42,1017,1013,1010,16,16,16,19,8,,0,
08-05-16,100,89,77,76,73,71,91,67,42,1016,1014,1011,16,16,16,19,8,,0,
08-06-16,100,89,77,75,71,67,88,63,38,1017,1014,1011,16,16,16,19,6,,0,
08-07-16,100,89,77,75,72,68,91,65,39,1014,1012,1009,16,16,16,19,10,,0,
08-08-16,100,89,78,75,72,68,91,65,39,1014,1011,1008,16,16,16,16,8,,0,
08-09-16,102,91,79,76,73,68,91,66,40,1014,1012,1009,16,16,16,21,10,,0,
08-10-16,102,92,81,77,73,68,91,64,37,1016,1014,1011,16,16,16,19,8,,0,
08-11-16,102,90,78,76,74,69,91,64,37,1017,1013,1009,16,16,16,19,8,,0,
08-12-16,105,92,79,76,73,69,91,63,35,1012,1009,1005,16,16,14,24,8,,0,
8/13/2016,96,87,77,76,73,70,94,73,52,1012,1010,1008,16,16,11,21,5,,3,"Rain , Thunderstorm"
8/14/2016,84,78,71,76,75,70,100,90,79,1015,1013,1010,16,11,2,24,5,,23,"Rain , Thunderstorm"
8/15/2016,76,74,71,73,72,70,100,97,93,1018,1016,1014,16,8,2,11,3,,60,Rain
8/16/2016,83,77,71,76,73,70,100,90,79,1018,1017,1015,16,10,0,16,5,,45,"Fog , Rain , Thunderstorm"
8/17/2016,84,80,75,78,75,73,100,90,79,1020,1018,1016,16,13,2,19,5,,8,"Rain , Thunderstorm"
8/18/2016,88,81,74,80,75,73,100,84,68,1019,1017,1015,16,14,2,19,3,,4,Rain
8/19/2016,93,84,75,77,75,72,100,76,52,1017,1014,1010,16,14,3,16,8,,2,Rain
8/20/2016,83,78,73,77,74,72,94,87,79,1014,1012,1010,16,13,2,16,6,,19,"Rain , Thunderstorm"
8/21/2016,82,78,73,75,73,71,100,87,74,1018,1015,1013,16,14,6,13,3,,3,Rain
8/22/2016,91,83,75,77,74,70,94,75,56,1019,1018,1016,16,14,3,21,6,,1,Rain
8/23/2016,94,86,77,76,74,69,91,70,49,1021,1019,1017,16,16,14,21,11,,0,
8/24/2016,93,85,76,75,73,69,94,72,49,1021,1019,1016,16,16,8,21,10,,0,
8/25/2016,94,84,74,75,73,70,100,75,49,1020,1017,1014,16,16,11,21,3,27,1,
8/26/2016,93,84,75,75,73,71,94,73,52,1018,1016,1013,16,16,16,21,5,32,0,
8/27/2016,92,82,72,73,71,69,93,73,52,1016,1015,1012,16,16,14,19,5,31,0,
8/28/2016,92,83,73,75,72,70,91,72,52,1018,1015,1013,16,14,2,19,5,35,4,Rain
8/29/2016,91,82,73,75,72,71,94,75,56,1018,1015,1012,16,14,5,26,8,40,2,Rain
8/30/2016,92,83,73,73,72,70,94,73,52,1017,1015,1013,16,16,16,19,6,26,0,
8/31/2016,94,84,74,74,72,70,100,75,49,1015,1014,1011,16,16,13,14,3,23,2,Rain
09-01-16,96,86,75,74,72,69,94,70,46,1015,1013,1011,16,16,13,16,6,24,0,
09-02-16,92,84,75,75,72,70,87,73,59,1018,1015,1013,16,16,13,14,5,27,0,
09-03-16,92,83,73,74,72,69,94,73,52,1016,1014,1013,16,14,8,16,5,27,,
09-04-16,93,84,75,75,73,71,94,73,52,1017,1015,1012,16,14,10,21,5,31,0,"Rain , Thunderstorm"
09-05-16,94,84,73,77,74,72,94,77,59,1019,1016,1015,16,16,14,23,8,31,,"Rain , Thunderstorm"
09-06-16,95,86,77,78,76,75,97,79,60,1021,1018,1017,16,16,8,27,10,40,0,"Rain , Thunderstorm"
09-07-16,96,87,78,77,76,73,97,75,52,1021,1019,1015,16,16,13,21,10,32,0,
09-08-16,95,86,77,76,73,69,91,70,49,1018,1016,1012,16,16,16,19,10,32,0,
09-09-16,95,86,77,75,73,71,94,72,49,1016,1014,1011,16,16,16,21,10,32,0,
09-10-16,93,82,71,75,71,64,94,68,41,1022,1018,1014,16,14,3,29,10,50,1,Rain
09-11-16,93,81,69,68,66,64,84,64,44,1022,1019,1015,16,16,16,11,3,16,0,
09-12-16,93,82,70,73,69,67,93,70,47,1016,1014,1011,16,16,16,16,5,24,0,
9/13/2016,94,84,74,75,72,69,100,73,46,1017,1015,1012,16,16,10,14,5,24,,Rain
9/14/2016,92,84,76,76,71,69,82,66,49,1018,1017,1014,16,16,14,23,5,29,,Rain
9/15/2016,94,83,72,74,71,69,93,70,46,1017,1015,1013,16,16,5,19,5,27,0,
9/16/2016,95,85,75,74,71,68,94,69,44,1016,1013,1010,16,16,16,14,3,19,0,
9/17/2016,96,85,75,75,72,70,90,67,46,1016,1014,1013,16,16,16,11,2,,0,
9/18/2016,98,87,75,75,73,71,94,70,45,1016,1014,1012,16,16,16,13,3,19,0,
9/19/2016,99,88,76,75,73,71,94,68,42,1017,1015,1014,16,16,16,16,5,26,0,
9/20/2016,99,87,75,75,71,65,94,66,38,1019,1016,1014,16,16,16,16,5,,0,
9/21/2016,96,86,75,75,69,61,91,62,33,1019,1016,1014,16,16,11,16,3,,0,
9/22/2016,94,82,70,74,69,65,84,64,44,1016,1014,1012,16,16,16,23,8,,0,
9/23/2016,93,85,76,77,74,72,94,73,52,1017,1015,1012,16,14,3,23,8,,1,Rain
9/24/2016,97,87,77,76,74,72,94,72,49,1017,1014,1012,16,16,6,24,8,,0,"Rain , Thunderstorm"
9/25/2016,88,79,70,76,73,69,100,83,65,1018,1015,1013,16,14,0,21,6,,19,"Fog , Rain , Thunderstorm"
9/26/2016,73,70,67,72,69,62,100,89,78,1021,1019,1017,16,11,2,21,10,,31,Rain
9/27/2016,80,74,67,64,62,61,87,71,54,1020,1018,1016,16,16,16,14,5,,0,
9/28/2016,89,77,65,65,60,52,93,61,29,1019,1017,1016,16,16,16,13,2,,0,
9/29/2016,86,75,63,62,55,50,87,61,34,1023,1021,1019,16,16,16,19,8,,0,
9/30/2016,83,72,60,55,52,50,73,54,34,1023,1021,1018,16,16,16,13,3,,0,
10-01-16,80,70,59,61,56,53,87,65,42,1020,1018,1016,16,16,16,11,2,,,
10-02-16,85,72,58,60,58,53,93,65,37,1018,1017,1015,16,16,16,13,3,,0,
10-03-16,87,75,62,64,61,59,90,66,42,1015,1013,1010,16,16,14,16,5,,0,
10-04-16,91,81,70,72,69,65,90,69,47,1011,1009,1006,16,16,13,19,8,,0,
10-05-16,92,84,75,74,72,68,94,72,49,1014,1012,1009,16,16,16,21,8,,0,
10-06-16,92,84,76,74,72,68,94,71,47,1015,1013,1010,16,16,16,26,8,,,
10-07-16,89,76,63,73,69,58,94,74,53,1022,1017,1013,16,16,11,26,8,,,Rain
10-08-16,86,74,61,63,60,57,90,69,48,1024,1022,1020,16,16,16,14,8,,0,
10-09-16,84,71,58,58,47,41,73,49,24,1026,1023,1021,16,16,16,13,6,,0,
10-10-16,84,68,52,52,46,39,83,53,23,1023,1021,1019,16,16,16,11,2,,0,
10-11-16,88,71,53,59,53,48,83,57,30,1021,1019,1017,16,16,16,14,2,,0,
10-12-16,91,76,61,72,65,57,84,66,47,1020,1017,1015,16,16,16,16,5,,0,
10/13/2016,89,79,68,73,69,62,94,73,51,1022,1019,1016,16,16,6,19,3,,4,Rain
10/14/2016,87,77,67,71,67,62,100,74,48,1023,1019,1016,16,11,0,23,5,,,"Fog , Rain"
10/15/2016,91,81,71,71,70,67,93,70,47,1019,1017,1013,16,16,16,19,6,,0,
10/16/2016,94,85,75,72,70,64,87,66,44,1017,1014,1011,16,16,16,23,8,,0,
10/17/2016,94,84,74,72,70,63,93,69,44,1014,1011,1007,16,16,16,19,10,,0,
10/18/2016,93,84,75,73,71,66,87,67,47,1013,1011,1009,16,16,16,21,10,,0,
10/19/2016,92,84,75,74,71,66,94,71,47,1016,1014,1012,16,16,16,19,8,,0,
10/20/2016,83,74,65,70,61,44,93,60,26,1023,1018,1014,16,16,16,27,11,,0,
10/21/2016,77,65,53,47,45,41,71,50,28,1026,1024,1021,16,16,16,14,5,,0,
10/22/2016,80,64,47,48,45,41,86,57,27,1024,1022,1019,16,16,16,14,3,,0,
10/23/2016,84,70,55,62,55,47,86,63,39,1023,1021,1020,16,16,16,21,5,,,"Rain , Thunderstorm"
10/24/2016,86,77,67,67,64,61,93,71,48,1024,1022,1021,16,16,16,16,6,,,
10/25/2016,86,77,67,66,63,59,100,72,44,1024,1021,1018,16,13,2,16,5,,0,
10/26/2016,87,76,64,66,62,60,93,69,44,1022,1020,1017,16,16,16,16,3,,0,
10/27/2016,88,76,64,67,62,58,93,68,43,1024,1021,1020,16,16,16,14,5,,0,
10/28/2016,86,74,61,64,60,57,90,67,44,1024,1021,1019,16,16,16,19,3,,0,
10/29/2016,86,75,64,65,62,58,93,68,42,1022,1020,1018,16,16,13,19,3,,0,
10/30/2016,87,76,65,67,63,54,100,67,34,1022,1020,1018,16,16,13,16,3,,0,
10/31/2016,86,73,60,69,62,58,100,72,44,1020,1018,1015,16,13,0,19,5,,0,Fog
11-01-16,91,81,71,73,71,64,100,72,44,1017,1015,1013,16,14,2,24,8,,8,"Rain , Thunderstorm"
11-02-16,88,81,73,74,72,69,100,78,55,1021,1018,1016,16,14,8,19,10,,0,Rain
11-03-16,80,74,68,73,70,66,93,84,74,1024,1022,1020,16,13,0,26,8,,27,"Fog , Rain , Thunderstorm"
11-04-16,73,71,68,67,66,64,93,89,84,1026,1024,1023,16,14,10,13,6,,0,
11-05-16,72,68,63,68,66,59,100,91,81,1025,1023,1021,16,10,2,11,3,,6,Rain
11-06-16,76,68,59,67,60,57,93,85,76,1022,1020,1018,16,16,8,19,3,,2,Rain
11-07-16,71,66,61,69,65,61,100,94,87,1021,1019,1017,16,8,2,11,3,,2,Rain
11-08-16,69,66,62,66,64,62,100,92,84,1023,1021,1019,16,13,3,16,6,,12,"Rain , Thunderstorm"
11-09-16,65,63,60,62,61,58,100,94,87,1026,1024,1022,16,10,2,16,10,,4,Rain
11-10-16,71,64,56,58,55,53,90,72,53,1027,1026,1024,16,16,13,13,5,,0,
11-11-16,74,65,55,60,57,54,100,79,57,1026,1024,1022,16,13,3,13,3,,,Rain
11-12-16,77,67,57,58,57,54,93,72,50,1025,1023,1022,16,13,2,14,6,,0,
11/13/2016,76,65,54,58,55,52,93,75,57,1025,1022,1020,16,16,14,11,3,,0,
11/14/2016,82,69,56,62,58,55,100,74,48,1021,1019,1016,16,10,0,14,3,,0,Fog
11/15/2016,86,73,59,58,55,51,87,60,32,1020,1017,1016,16,16,16,13,3,,0,
11/16/2016,86,71,55,57,52,49,86,58,30,1017,1015,1013,16,16,16,14,5,,0,
11/17/2016,82,70,58,66,61,54,100,74,47,1015,1013,1009,16,14,2,24,11,,0,
11/18/2016,79,66,52,68,55,31,90,62,34,1032,1019,1013,16,16,16,27,11,,,Rain
11/19/2016,63,52,41,33,30,26,67,46,25,1037,1034,1032,16,16,16,21,8,,0,
11/20/2016,67,51,35,36,32,27,85,55,24,1032,1028,1023,16,16,16,16,3,,0,
11/21/2016,77,61,44,57,48,36,84,64,43,1022,1019,1016,16,16,16,21,8,,0,
11/22/2016,76,69,62,69,64,57,97,83,69,1015,1014,1011,16,14,3,21,8,,12,"Rain , Thunderstorm"
11/23/2016,73,62,51,69,54,45,100,71,41,1023,1020,1015,16,14,3,23,5,,3,Rain
11/24/2016,76,61,46,60,52,45,93,70,46,1025,1022,1020,16,16,16,13,2,,0,
11/25/2016,66,61,55,60,57,49,97,87,77,1029,1027,1023,16,16,10,16,6,,1,Rain
11/26/2016,70,62,53,56,51,47,83,69,55,1029,1026,1022,16,16,16,11,3,,0,
11/27/2016,76,66,56,65,59,51,86,75,64,1022,1014,1005,16,16,16,23,10,,0,
11/28/2016,79,65,51,66,49,33,84,53,21,1004,1001,1000,16,16,16,27,10,,0,
11/29/2016,79,64,49,48,42,38,80,53,25,1009,1005,1002,16,16,16,13,5,,0,
11/30/2016,67,55,42,42,33,26,66,45,24,1020,1017,1010,16,16,16,21,6,,0,
12-01-16,69,53,37,43,34,31,85,56,27,1021,1019,1016,16,16,16,19,5,,0,
12-02-16,64,58,51,57,49,43,90,77,63,1020,1018,1016,16,16,8,16,6,,6,Rain
12-03-16,52,51,49,50,49,47,100,95,89,1017,1015,1011,16,10,3,19,10,,33,Rain
12-04-16,53,51,49,49,48,46,93,88,83,1018,1016,1014,16,13,3,21,10,,9,Rain
12-05-16,52,50,47,50,48,46,100,95,89,1016,1011,1008,16,8,2,16,5,,16,Rain
12-06-16,58,51,43,48,45,43,100,84,67,1019,1014,1009,16,13,0,27,6,,0,Fog
12-07-16,56,48,39,48,45,39,100,86,72,1025,1020,1017,16,11,3,21,5,,0,
12-08-16,52,44,36,44,31,20,83,68,52,1039,1033,1025,16,16,14,34,16,,0,
12-09-16,46,40,33,26,20,16,56,45,34,1039,1036,1034,16,16,16,19,8,,0,
12-10-16,52,44,35,50,37,27,96,75,54,1033,1028,1023,16,13,3,14,5,,0,
12-11-16,67,59,50,61,55,50,100,91,81,1022,1017,1013,16,8,0,23,6,,1,"Fog , Rain"
12-12-16,67,57,46,52,47,41,93,73,52,1020,1017,1015,16,16,16,16,5,,0,
12/13/2016,77,64,50,60,54,46,100,73,46,1020,1016,1014,16,11,2,23,6,,0,
12/14/2016,57,50,43,48,43,38,89,78,66,1026,1022,1020,16,16,11,19,6,,0,
12/15/2016,54,50,45,43,42,40,92,78,63,1030,1026,1021,16,11,3,19,8,,0,
12/16/2016,67,59,51,61,54,41,96,82,68,1021,1014,1009,16,13,3,19,8,,0,
12/17/2016,76,55,34,67,59,21,100,80,59,1022,1008,1004,16,10,3,34,10,,0,
12/18/2016,37,32,26,18,12,10,58,48,38,1039,1033,1024,16,16,16,34,19,,0,
12/19/2016,45,34,23,17,12,8,59,42,24,1042,1039,1036,16,16,16,21,8,,0,
12/20/2016,59,47,35,25,20,15,59,40,20,1036,1031,1026,16,16,16,11,3,,0,
12/21/2016,71,57,43,40,32,25,55,41,27,1026,1023,1019,16,16,16,19,6,,0,
12/22/2016,68,59,50,40,36,33,63,48,32,1028,1025,1022,16,16,14,19,6,,0,
12/23/2016,68,60,52,64,54,37,100,74,47,1023,1019,1016,16,10,0,11,2,,0,"Fog , Rain"
12/24/2016,78,72,65,68,66,64,100,85,69,1019,1017,1015,16,14,8,27,11,,,
12/25/2016,80,74,68,67,65,64,90,74,58,1016,1014,1011,16,16,16,27,14,,0,
12/26/2016,84,77,70,70,69,67,93,74,55,1024,1020,1016,16,16,11,19,6,,,Rain
12/27/2016,76,69,62,68,58,47,97,72,46,1025,1023,1021,16,16,16,11,2,,,
12/28/2016,83,73,62,67,64,56,93,72,51,1021,1019,1015,16,14,6,19,5,,0,
12/29/2016,70,60,49,65,27,16,84,51,18,1034,1029,1019,16,16,16,29,14,,0,
12/30/2016,55,52,49,34,23,18,48,38,27,1033,1026,1019,16,16,16,19,6,,,
12/31/2016,77,64,51,61,51,36,90,70,50,1018,1013,1008,16,16,6,16,5,,,Rain
01-01-17,73,63,53,60,52,39,97,74,43,1014,1011,1009,16,13,0,11,3,,0,Fog
01-02-17,73,64,52,62,54,44,100,79,38,1015,1011,1007,16,13,2,24,8,,10,"Rain , Thunderstorm"
01-03-17,75,60,44,44,39,31,80,52,24,1022,1017,1014,16,16,16,19,6,,0,
01-04-17,48,42,37,31,28,24,68,58,48,1024,1020,1015,16,16,16,16,10,,0,
01-05-17,62,49,34,47,35,18,79,64,50,1020,1015,1012,16,16,11,24,6,,0,
01-06-17,34,29,23,18,15,13,60,55,49,1036,1026,1020,16,16,16,27,16,,0,
01-07-17,44,32,19,13,11,6,73,48,22,1044,1041,1037,16,16,16,19,6,34,0,
01-08-17,53,37,21,32,18,11,81,50,19,1042,1038,1033,16,16,16,23,6,35,0,
01-09-17,71,57,43,55,47,35,89,69,49,1031,1026,1020,16,16,16,24,8,43,0,
01-10-17,79,69,59,58,56,53,90,66,42,1019,1017,1015,16,16,16,27,11,56,0,
01-11-17,80,70,59,63,60,57,93,72,51,1017,1014,1012,16,16,14,26,13,47,0,
01-12-17,81,74,67,65,63,59,87,70,52,1021,1017,1014,16,16,11,23,13,42,0,
1/13/2017,78,67,56,69,63,51,100,74,48,1028,1024,1021,16,13,0,23,11,39,17,"Fog , Rain"
1/14/2017,56,52,47,51,50,46,100,92,83,1030,1027,1025,14,5,2,13,6,21,2,Rain
1/15/2017,73,62,51,66,59,50,100,87,73,1024,1016,1010,16,6,2,27,8,47,15,"Rain , Thunderstorm"
1/16/2017,70,64,58,61,56,51,97,78,58,1018,1015,1013,16,14,2,14,2,26,8,"Rain , Thunderstorm"
1/17/2017,59,54,48,55,48,46,100,86,72,1022,1020,1017,16,11,0,23,10,35,40,"Fog , Rain , Thunderstorm"
1/18/2017,56,52,47,52,48,46,100,93,86,1020,1019,1016,16,13,3,14,6,23,13,"Rain , Thunderstorm"
1/19/2017,71,62,52,55,52,50,100,79,57,1016,1010,1006,16,16,16,19,5,29,,Rain
1/20/2017,76,62,47,55,50,46,93,66,38,1010,1007,1004,16,14,8,13,2,18,0,
1/21/2017,81,65,48,58,51,33,100,62,23,1003,1002,996,16,11,0,34,10,61,1,Fog
1/22/2017,70,62,53,42,34,27,47,38,28,1016,1007,1001,16,16,16,39,18,69,0,
1/23/2017,76,61,46,39,36,34,65,44,23,1018,1014,1010,16,16,16,16,6,26,0,
1/24/2017,84,67,50,64,51,36,87,62,37,1009,1006,1003,16,16,16,23,11,40,0,
1/25/2017,69,59,48,63,36,27,84,53,22,1022,1013,1007,16,16,16,24,11,39,0,
1/26/2017,59,50,40,30,27,24,64,46,28,1028,1025,1022,16,16,16,16,5,23,0,
1/27/2017,58,48,38,30,24,21,70,48,26,1030,1028,1026,16,16,16,21,8,31,0,
1/28/2017,61,50,39,37,31,21,82,52,22,1030,1028,1025,16,16,16,23,10,35,,Rain
1/29/2017,70,55,40,34,30,28,65,44,22,1029,1027,1025,16,16,16,23,10,35,0,
1/30/2017,79,63,47,35,30,26,61,38,15,1026,1022,1019,16,16,16,19,8,29,0,
1/31/2017,78,61,44,50,36,29,67,44,21,1020,1017,1015,16,16,16,21,6,34,0,
02-01-17,82,67,51,59,52,45,100,68,35,1019,1015,1012,16,13,3,23,6,32,0,
02-02-17,64,55,46,39,35,32,65,52,39,1026,1023,1018,16,16,16,21,11,,0,
02-03-17,53,49,45,37,34,31,61,57,53,1031,1028,1026,16,16,16,21,10,,,
02-04-17,51,49,47,52,46,36,100,77,54,1028,1024,1020,16,6,2,14,2,,1,Rain
02-05-17,72,62,51,64,59,51,100,89,78,1020,1018,1015,16,10,0,19,5,,,Fog
02-06-17,78,73,67,67,65,63,93,76,58,1016,1013,1009,16,14,5,19,8,,,Rain
02-07-17,86,71,56,66,54,36,100,59,17,1011,1009,1007,16,13,3,21,3,,0,
02-08-17,87,69,51,46,41,33,77,49,21,1022,1012,1007,16,16,16,29,8,,0,
02-09-17,68,56,43,37,31,28,54,39,24,1029,1025,1022,16,16,16,16,8,,0,
02-10-17,79,65,51,63,51,36,87,70,52,1025,1021,1017,16,16,11,11,5,,0,
02-11-17,86,76,66,67,64,62,93,71,48,1018,1016,1013,16,13,8,19,10,,0,
02-12-17,79,73,66,66,61,49,93,73,52,1022,1019,1015,16,14,8,23,8,,0,
2/13/2017,78,71,63,64,55,42,84,63,42,1022,1018,1011,16,16,16,29,14,,,
2/14/2017,67,57,47,62,47,37,93,80,66,1020,1014,1011,16,13,3,32,14,,22,"Rain , Thunderstorm"
2/15/2017,65,54,43,38,33,27,82,53,24,1023,1021,1020,16,16,16,26,11,,0,
2/16/2017,70,55,40,39,36,34,79,54,28,1023,1019,1016,16,16,16,19,5,,0,
2/17/2017,77,64,50,60,50,41,93,67,41,1015,1011,1007,16,16,16,21,10,,0,
2/18/2017,86,74,62,64,56,45,90,58,26,1010,1008,1006,16,16,16,19,10,,0,
2/19/2017,81,71,61,68,66,59,90,76,62,1015,1010,1008,16,11,3,32,13,,2,"Rain , Thunderstorm"
2/20/2017,70,64,58,59,57,54,100,80,59,1017,1014,1011,16,13,2,34,6,,28,"Rain , Thunderstorm"
2/21/2017,82,67,52,55,43,37,100,61,21,1017,1015,1013,16,16,14,24,10,,0,
2/22/2017,87,69,51,49,45,40,71,48,24,1015,1011,1007,16,16,16,16,5,,0,
2/23/2017,90,73,55,60,49,42,73,50,26,1007,1004,1000,16,16,16,24,8,,0,
2/24/2017,80,67,54,50,35,28,43,31,18,1017,1009,1003,16,16,16,27,10,,0,
2/25/2017,63,54,44,33,28,22,58,42,25,1024,1020,1017,16,16,16,21,10,,0,
2/26/2017,72,57,42,64,50,33,93,77,60,1018,1014,1012,16,16,14,19,5,,,
2/27/2017,82,74,66,66,65,64,93,76,58,1015,1013,1011,16,13,6,21,10,,,
2/28/2017,80,75,69,68,67,66,90,79,67,1015,1012,1009,16,11,3,23,11,,0,
03-01-17,73,64,54,67,45,23,93,59,24,1026,1019,1011,16,14,11,34,13,,0,
03-02-17,66,58,49,28,22,19,42,30,18,1032,1029,1026,16,16,16,21,8,,0,
03-03-17,71,56,40,38,29,24,70,45,19,1035,1032,1030,16,16,16,23,10,,0,
03-04-17,59,57,54,57,52,39,100,72,44,1029,1027,1024,16,10,3,21,6,,17,Rain
03-05-17,75,66,57,65,60,57,100,84,68,1024,1020,1016,16,10,2,19,6,,7,Rain
03-06-17,84,76,68,67,66,64,93,76,58,1017,1014,1009,16,16,16,26,14,,,Rain
03-07-17,77,69,61,67,51,34,93,61,29,1026,1020,1014,16,16,8,27,10,,,
03-08-17,76,68,60,64,50,33,78,56,34,1027,1024,1021,16,16,16,19,6,,,
03-09-17,80,74,67,66,64,59,93,79,64,1022,1020,1016,16,16,10,23,8,,,"Rain , Thunderstorm"
03-10-17,83,73,62,65,62,59,93,70,47,1022,1020,1018,16,16,16,19,3,,,
03-11-17,66,64,61,64,62,59,100,94,87,1021,1019,1016,16,10,2,14,6,,19,Rain
03-12-17,62,55,47,60,47,43,93,85,77,1026,1023,1019,16,14,6,29,11,,0,Rain
3/13/2017,70,58,48,52,48,46,100,85,44,1024,1021,1018,16,10,3,19,5,,0,Rain
3/14/2017,73,57,40,46,43,41,57,46,35,1027,1024,1020,16,16,16,19,5,,0,
3/15/2017,75,62,49,54,49,44,86,64,41,1027,1025,1023,16,14,0,23,10,,0,
3/16/2017,79,69,58,63,59,55,100,78,56,1025,1022,1018,16,11,3,23,10,,1,
3/17/2017,83,74,65,64,62,61,87,69,51,1022,1020,1018,16,16,14,24,13,,0,
3/18/2017,84,75,65,66,63,61,93,72,51,1027,1024,1022,16,16,11,16,6,,0,
3/19/2017,85,75,65,65,62,59,93,69,44,1025,1023,1020,16,16,14,19,10,,0,
3/20/2017,85,75,64,65,60,53,87,63,39,1022,1020,1017,16,16,16,21,11,,0,
3/21/2017,85,74,63,63,61,59,93,70,47,1021,1018,1015,16,16,13,21,13,,0,
3/22/2017,83,76,68,64,62,58,87,67,47,1021,1018,1016,16,16,16,23,11,,0,
3/23/2017,85,75,65,63,59,43,87,56,24,1020,1017,1013,16,16,16,39,16,,0,
3/24/2017,83,72,60,71,63,51,90,68,45,1015,1013,1009,16,13,3,27,10,,1,Rain
3/25/2017,84,69,53,51,46,41,71,48,25,1019,1015,1012,16,16,16,19,6,,0,
3/26/2017,86,75,63,66,61,51,93,67,40,1013,1010,1007,16,13,3,29,13,,0,
3/27/2017,86,78,70,67,66,65,90,73,55,1013,1010,1008,16,14,6,21,8,,0,
3/28/2017,86,78,70,68,66,60,90,67,44,1012,1008,1003,16,13,6,35,16,,0,
3/29/2017,84,72,60,68,56,42,100,62,24,1012,1008,1004,16,13,2,24,8,,19,"Rain , Thunderstorm"
3/30/2017,82,68,54,50,46,39,77,50,23,1014,1011,1007,16,16,16,24,6,,0,
3/31/2017,86,71,55,59,53,48,80,56,32,1010,1008,1006,16,16,16,29,10,,0,
04-01-17,76,71,65,65,63,59,93,79,64,1012,1010,1008,16,16,16,26,13,,0,
04-02-17,77,67,57,67,61,51,93,74,54,1011,1007,1004,16,11,2,26,10,,18,"Rain , Thunderstorm"
04-03-17,90,70,49,54,51,47,93,58,23,1009,1006,1004,16,16,16,16,3,,0,
04-04-17,89,75,60,62,55,50,72,52,32,1007,1005,1002,16,16,16,23,8,,0,
04-05-17,75,64,52,43,39,36,63,45,27,1022,1017,1008,16,16,16,34,13,,0,
04-06-17,79,64,49,47,43,40,77,52,27,1026,1023,1021,16,16,16,14,5,,0,
04-07-17,81,67,52,51,48,44,77,55,32,1024,1022,1018,16,16,16,19,6,,0,
04-08-17,82,69,56,62,58,52,93,72,51,1019,1016,1012,16,16,16,24,11,,0,
04-09-17,81,74,66,66,64,61,87,73,58,1014,1013,1010,16,16,16,24,13,,0,
04-10-17,80,76,71,73,69,65,90,82,74,1018,1015,1012,16,13,2,21,11,,3,Rain
04-11-17,72,67,62,70,65,59,100,94,87,1023,1020,1016,16,13,2,16,6,,9,"Rain , Thunderstorm"
04-12-17,78,70,61,65,61,59,97,79,60,1023,1021,1019,16,16,11,16,6,,0,
4/13/2017,82,75,67,66,64,58,100,77,54,1023,1021,1017,16,14,8,23,10,,,Rain
4/14/2017,84,75,65,64,62,57,93,69,45,1021,1018,1015,16,16,8,19,8,,0,
4/15/2017,84,76,67,66,64,63,87,71,54,1019,1017,1015,16,16,14,23,11,,0,
4/16/2017,84,77,69,68,66,65,90,73,55,1018,1016,1014,16,16,16,23,10,,0,
4/17/2017,80,72,63,67,65,57,90,80,69,1018,1016,1014,16,16,10,26,8,,,"Rain , Thunderstorm"
4/18/2017,82,72,61,65,62,58,90,73,55,1017,1016,1014,16,16,16,16,6,,0,
4/19/2017,85,77,68,66,65,64,87,71,55,1019,1017,1014,16,16,14,23,10,,,Rain
4/20/2017,88,79,70,68,67,65,90,73,55,1018,1016,1013,16,16,16,19,10,,0,
4/21/2017,89,80,71,67,66,65,84,66,48,1015,1011,1006,16,16,14,23,11,,0,
4/22/2017,73,65,57,67,55,44,86,69,52,1021,1016,1008,16,16,6,23,11,,0,Rain
4/23/2017,77,64,50,44,42,40,71,50,29,1022,1019,1016,16,16,16,23,8,,0,
4/24/2017,82,65,48,54,49,44,86,61,35,1017,1012,1006,16,16,16,23,6,,0,
4/25/2017,90,76,62,70,65,54,90,73,55,1005,1002,998,16,16,16,26,11,,0,
4/26/2017,91,77,62,70,57,37,84,51,17,1008,1001,996,16,16,13,29,13,,0,
4/27/2017,86,70,53,64,50,44,84,58,31,1010,1006,1002,16,16,16,24,11,,0,
4/28/2017,95,83,70,72,68,63,84,64,43,1004,1002,999,16,14,11,27,14,,0,
4/29/2017,92,79,66,73,66,44,82,64,45,1009,1002,998,16,11,6,29,14,,0,Thunderstorm
4/30/2017,78,65,52,54,44,35,63,43,22,1015,1012,1009,16,16,11,29,10,,1,"Rain , Thunderstorm"
05-01-17,91,71,51,56,48,42,77,50,23,1016,1014,1011,16,16,16,23,10,,0,
05-02-17,92,77,62,63,56,47,84,57,30,1015,1013,1010,16,16,16,26,11,,0,
05-03-17,95,80,64,72,66,47,93,66,39,1015,1009,1005,16,14,8,29,13,,,Rain
05-04-17,79,70,60,47,43,39,60,43,25,1020,1017,1014,16,16,16,29,13,,0,
05-05-17,86,71,55,48,42,38,67,44,20,1020,1017,1014,16,16,16,21,6,,0,
05-06-17,91,73,54,53,49,46,77,52,27,1017,1014,1012,16,16,16,19,6,,0,
05-07-17,88,75,61,59,57,56,78,56,34,1016,1014,1012,16,16,16,24,10,,0,
05-08-17,84,74,64,63,61,58,87,66,45,1017,1015,1013,16,16,16,26,13,,0,
05-09-17,76,71,66,72,68,63,93,86,78,1017,1015,1013,16,14,3,19,10,,1,"Rain , Thunderstorm"
05-10-17,83,77,71,70,68,66,90,76,62,1015,1013,1011,16,14,11,23,11,,,
05-11-17,88,80,71,72,70,67,93,73,53,1015,1012,1009,16,11,3,24,5,,6,"Rain , Thunderstorm"
05-12-17,88,76,63,70,57,50,93,61,29,1015,1013,1010,16,14,6,23,11,,0,Thunderstorm
5/13/2017,89,74,58,58,54,52,80,54,27,1015,1013,1010,16,16,16,16,5,,0,
5/14/2017,93,78,62,65,61,58,90,63,36,1015,1012,1010,16,16,16,21,8,,0,
5/15/2017,92,80,67,66,64,63,93,67,41,1015,1013,1009,16,16,14,24,11,,0,
5/16/2017,86,78,70,69,67,65,90,74,57,1012,1009,1006,16,16,16,32,14,,0,
5/17/2017,90,80,70,74,69,58,100,67,34,1010,1008,1005,16,13,3,23,8,,3,Rain
5/18/2017,94,84,73,73,71,65,94,72,49,1010,1007,1004,16,13,8,32,16,,,
5/19/2017,95,85,75,71,69,67,87,64,41,1009,1007,1005,16,16,16,29,14,,0,
5/20/2017,84,75,66,71,67,65,93,77,61,1016,1012,1008,16,14,2,24,6,,31,"Rain , Thunderstorm"
5/21/2017,78,70,62,67,61,57,93,74,54,1020,1018,1015,16,13,2,23,10,,17,"Rain , Thunderstorm"
5/22/2017,77,69,61,65,62,58,93,81,69,1019,1016,1012,16,16,11,14,6,26,1,Rain
5/23/2017,86,72,58,65,62,51,100,73,45,1015,1012,1008,16,13,3,34,8,53,2,"Rain , Thunderstorm"
5/24/2017,87,72,56,55,49,43,86,54,21,1014,1010,1006,16,16,16,19,8,31,0,
5/25/2017,94,78,62,70,60,52,76,55,34,1008,1006,1004,16,16,16,27,11,47,0,
5/26/2017,92,84,75,75,72,70,87,70,52,1012,1009,1007,16,16,11,21,10,39,0,
5/27/2017,97,87,76,76,74,72,94,71,48,1013,1011,1008,16,10,3,24,11,37,0,Rain
5/28/2017,94,80,66,73,71,62,93,73,52,1015,1012,1008,16,14,3,29,6,55,12,"Rain , Thunderstorm"
5/29/2017,88,78,68,69,67,64,93,70,46,1020,1016,1013,16,16,16,13,3,18,0,
5/30/2017,88,78,68,68,66,63,90,68,45,1018,1017,1015,16,16,16,13,3,23,0,
5/31/2017,85,77,68,70,68,62,97,74,51,1019,1016,1014,16,16,14,27,3,42,1,Rain
06-01-17,89,78,67,71,68,65,97,75,53,1017,1014,1011,16,16,14,16,6,26,0,
06-02-17,92,83,74,72,71,66,93,70,47,1015,1013,1009,16,16,16,19,8,26,,
06-03-17,92,82,71,73,71,65,94,69,44,1015,1013,1009,16,16,3,19,6,32,6,"Rain , Thunderstorm"
06-04-17,91,80,68,71,69,66,100,76,52,1013,1010,1007,16,14,3,19,2,39,4,"Rain , Thunderstorm"
06-05-17,90,78,66,70,68,65,100,72,44,1009,1007,1005,16,14,0,40,5,66,35,"Fog , Rain , Thunderstorm"
06-06-17,92,81,70,70,66,60,97,67,36,1012,1010,1008,16,16,16,23,8,40,0,
06-07-17,95,83,70,68,62,54,84,55,26,1014,1013,1011,16,16,16,14,5,27,0,
06-08-17,93,83,73,68,66,64,79,60,41,1015,1013,1010,16,16,16,14,6,23,0,
06-09-17,90,82,74,71,69,65,87,69,50,1014,1012,1008,16,16,16,21,10,32,0,
06-10-17,93,82,70,69,65,59,84,62,40,1014,1011,1009,16,16,16,23,10,34,0,
06-11-17,93,83,73,70,68,62,87,62,36,1015,1013,1010,16,16,16,21,11,34,0,
06-12-17,94,85,75,72,68,62,87,62,36,1015,1012,1009,16,16,3,24,11,35,,Rain
6/13/2017,98,87,76,73,71,68,88,63,38,1014,1012,1009,16,16,16,29,11,43,0,
6/14/2017,96,87,78,74,71,67,85,63,41,1016,1013,1010,16,16,11,23,13,37,0,
6/15/2017,99,88,76,74,71,67,94,65,35,1016,1013,1010,16,16,16,21,11,32,0,
6/16/2017,98,88,77,73,70,66,82,60,38,1013,1010,1006,16,16,16,26,11,47,0,
6/17/2017,101,89,77,75,72,68,85,61,36,1009,1007,1004,16,16,16,24,13,45,0,
6/18/2017,100,89,78,74,71,67,85,60,35,1010,1007,1005,16,16,16,21,11,37,0,
6/19/2017,92,84,76,74,72,68,94,72,49,1017,1013,1010,16,16,3,21,6,31,0,"Rain , Thunderstorm"
6/20/2017,98,87,76,72,69,66,82,60,38,1015,1013,1010,16,16,16,16,8,27,0,
6/21/2017,97,86,75,72,64,53,82,54,26,1013,1009,1005,16,16,16,23,10,35,0,
6/22/2017,99,88,76,72,67,64,74,54,33,1008,1005,1002,16,16,16,16,8,27,0,
6/23/2017,104,91,78,75,72,68,91,63,35,1012,1008,1005,16,16,13,23,11,35,0,
6/24/2017,85,79,72,76,71,66,85,70,55,1020,1017,1012,16,13,2,21,8,37,4,Rain
6/25/2017,90,83,75,74,71,67,87,67,47,1022,1020,1018,16,16,11,21,8,31,1,Rain
6/26/2017,91,82,72,74,72,67,100,74,47,1021,1019,1014,16,13,2,24,3,35,27,"Rain , Thunderstorm"
6/27/2017,91,81,71,74,72,67,100,75,50,1018,1016,1013,16,11,3,32,5,48,0,Rain
6/28/2017,92,82,71,72,70,67,93,70,47,1015,1013,1009,16,16,16,16,6,29,0,
6/29/2017,99,87,75,75,73,70,94,68,42,1013,1011,1008,16,16,16,21,10,37,0,
6/30/2017,98,89,79,75,73,70,85,64,42,1014,1012,1010,16,16,16,26,13,43,0,
07-01-17,98,89,79,76,72,66,85,62,38,1020,1017,1013,16,14,10,24,11,39,,
07-02-17,100,89,78,75,72,66,91,63,35,1022,1018,1014,16,16,13,23,10,40,0,
07-03-17,99,88,76,74,71,67,88,62,35,1019,1016,1012,16,16,16,21,11,42,0,
07-04-17,101,90,78,74,72,66,85,60,35,1018,1015,1011,16,16,16,21,11,45,0,
07-05-17,99,89,78,74,70,60,85,58,31,1020,1016,1013,16,16,16,21,10,31,0,
07-06-17,100,89,77,74,71,63,88,60,31,1021,1018,1015,16,16,16,19,6,32,0,Thunderstorm
07-07-17,99,87,75,74,71,65,88,61,33,1020,1018,1015,16,16,16,24,5,43,1,"Rain , Thunderstorm"
07-08-17,100,88,75,71,67,62,87,59,31,1019,1017,1014,16,16,16,14,5,27,0,Thunderstorm
07-09-17,101,89,77,71,67,60,82,56,29,1017,1016,1013,16,16,16,19,6,31,0,
07-10-17,100,88,76,72,65,58,87,57,26,1016,1014,1012,16,16,16,19,8,32,0,
07-11-17,101,89,77,73,69,58,88,58,27,1018,1015,1012,16,16,16,23,11,35,0,
07-12-17,101,89,77,73,70,59,88,59,29,1018,1016,1014,16,16,16,21,10,32,0,
7/13/2017,102,90,77,74,70,63,88,59,29,1021,1018,1015,16,16,16,16,5,31,0,
7/14/2017,101,89,77,74,69,61,88,58,27,1021,1018,1015,16,16,16,24,6,,0,
7/15/2017,103,87,71,73,70,63,100,65,29,1018,1016,1014,16,14,3,37,5,,4,"Rain , Thunderstorm"
7/16/2017,99,84,68,71,69,65,100,67,33,1016,1014,1010,16,14,10,19,5,,0,
7/17/2017,98,88,77,75,71,66,88,63,38,1014,1013,1010,16,16,16,26,5,,,"Rain , Thunderstorm"
7/18/2017,100,88,76,74,70,65,88,61,33,1017,1015,1014,16,16,16,23,8,,0,
7/19/2017,101,89,77,74,70,63,88,60,31,1022,1018,1016,16,16,16,29,8,,0,
7/20/2017,103,90,77,75,69,61,85,56,27,1020,1017,1014,16,16,16,23,8,,0,
7/21/2017,104,91,77,74,68,61,85,56,27,1016,1014,1011,16,16,16,23,8,,,
7/22/2017,103,90,77,74,68,61,88,58,27,1015,1013,1009,16,16,16,21,10,,0,
7/23/2017,103,90,77,74,71,66,85,58,31,1014,1012,1010,16,16,3,21,6,,1,"Rain , Thunderstorm"
7/24/2017,102,89,76,75,71,56,91,60,29,1016,1014,1012,16,16,14,21,5,,0,"Rain , Thunderstorm"
7/25/2017,103,91,78,75,71,63,91,61,31,1020,1017,1014,16,16,14,24,11,,0,
7/26/2017,103,91,78,75,70,61,91,58,25,1020,1017,1014,16,16,16,24,10,,,
7/27/2017,103,89,75,71,67,61,82,54,25,1017,1015,1012,16,16,16,19,8,,0,
7/28/2017,105,91,76,71,64,55,87,54,20,1015,1013,1009,16,16,16,23,8,,0,
7/29/2017,107,92,77,72,64,55,82,51,19,1013,1011,1009,16,16,16,19,6,,0,
7/30/2017,106,93,79,70,68,63,69,48,27,1015,1013,1012,16,16,16,21,6,,0,
7/31/2017,99,88,77,66,61,54,64,43,22,1017,1015,1013,16,16,16,19,6,,0,
