,real_value,validation_predictions,abs_diff,precision_up_to_0_degrees,precision_up_to_1_degrees,precision_up_to_2_degrees,precision_up_to_3_degrees
0,8,8.000000000000004,0.0,1,1,1,1
1,10,9.99999999999995,0.0,1,1,1,1
2,9,8.99999999999998,0.0,1,1,1,1
3,12,11.99999999999998,0.0,1,1,1,1
4,11,10.999999999999998,0.0,1,1,1,1
5,10,9.999999999999998,0.0,1,1,1,1
6,4,3.9999999999999947,0.0,1,1,1,1
7,8,7.999999999999908,0.0,1,1,1,1
8,12,11.999999999999975,0.0,1,1,1,1
9,7,7.000000000000031,0.0,1,1,1,1
10,6,5.999999999999957,0.0,1,1,1,1
11,14,13.99999999999995,0.0,1,1,1,1
12,8,8.000000000000043,0.0,1,1,1,1
13,-2,-2.000000000000057,0.0,1,1,1,1
14,2,1.9999999999998432,0.0,1,1,1,1
15,8,7.999999999999838,0.0,1,1,1,1
16,17,16.99999999999995,0.0,1,1,1,1
17,18,18.00000000000007,0.0,1,1,1,1
18,17,17.000000000000142,0.0,1,1,1,1
19,14,14.000000000000043,0.0,1,1,1,1
20,14,14.00000000000001,0.0,1,1,1,1
21,14,14.00000000000002,0.0,1,1,1,1
22,11,10.999999999999995,0.0,1,1,1,1
23,13,12.999999999999975,0.0,1,1,1,1
24,12,11.999999999999995,0.0,1,1,1,1
25,12,11.999999999999966,0.0,1,1,1,1
26,15,15.0,0.0,1,1,1,1
27,18,17.99999999999998,0.0,1,1,1,1
28,11,11.000000000000021,0.0,1,1,1,1
29,12,11.999999999999964,0.0,1,1,1,1
30,6,5.999999999999932,0.0,1,1,1,1
31,1,0.9999999999999194,0.0,1,1,1,1
32,9,8.999999999999869,0.0,1,1,1,1
33,16,16.0,0.0,1,1,1,1
34,8,8.00000000000008,0.0,1,1,1,1
35,1,0.9999999999999505,0.0,1,1,1,1
36,3,2.9999999999998765,0.0,1,1,1,1
37,9,8.999999999999917,0.0,1,1,1,1
38,20,19.999999999999993,0.0,1,1,1,1
39,19,19.000000000000057,0.0,1,1,1,1
40,7,7.0000000000000195,0.0,1,1,1,1
41,4,3.999999999999895,0.0,1,1,1,1
42,12,11.999999999999911,0.0,1,1,1,1
43,4,3.9999999999999742,0.0,1,1,1,1
44,-2,-2.0000000000000613,0.0,1,1,1,1
45,1,0.9999999999998859,0.0,1,1,1,1
46,11,10.999999999999895,0.0,1,1,1,1
47,15,14.999999999999993,0.0,1,1,1,1
48,9,9.000000000000048,0.0,1,1,1,1
49,2,1.999999999999956,0.0,1,1,1,1
50,7,6.999999999999916,0.0,1,1,1,1
51,11,10.999999999999973,0.0,1,1,1,1
52,19,19.000000000000064,0.0,1,1,1,1
53,15,15.000000000000059,0.0,1,1,1,1
54,20,20.00000000000002,0.0,1,1,1,1
55,21,21.00000000000005,0.0,1,1,1,1
56,21,21.00000000000002,0.0,1,1,1,1
57,23,23.000000000000064,0.0,1,1,1,1
58,21,21.000000000000078,0.0,1,1,1,1
59,14,14.000000000000052,0.0,1,1,1,1
60,17,16.999999999999986,0.0,1,1,1,1
61,23,23.000000000000007,0.0,1,1,1,1
62,19,19.000000000000085,0.0,1,1,1,1
63,17,17.00000000000003,0.0,1,1,1,1
64,7,7.000000000000022,0.0,1,1,1,1
65,7,6.999999999999932,0.0,1,1,1,1
66,17,16.999999999999986,0.0,1,1,1,1
67,20,20.000000000000092,0.0,1,1,1,1
68,11,11.000000000000073,0.0,1,1,1,1
69,2,1.9999999999999925,0.0,1,1,1,1
70,4,3.999999999999906,0.0,1,1,1,1
71,8,7.999999999999934,0.0,1,1,1,1
72,12,12.000000000000016,0.0,1,1,1,1
73,12,12.000000000000014,0.0,1,1,1,1
74,11,11.00000000000002,0.0,1,1,1,1
75,9,8.999999999999991,0.0,1,1,1,1
76,16,15.999999999999977,0.0,1,1,1,1
77,21,21.000000000000107,0.0,1,1,1,1
78,16,16.000000000000085,0.0,1,1,1,1
79,11,10.999999999999998,0.0,1,1,1,1
80,17,16.999999999999943,0.0,1,1,1,1
81,20,20.000000000000007,0.0,1,1,1,1
82,13,13.000000000000052,0.0,1,1,1,1
83,13,12.999999999999986,0.0,1,1,1,1
84,18,18.000000000000014,0.0,1,1,1,1
85,17,17.000000000000014,0.0,1,1,1,1
86,15,15.000000000000002,0.0,1,1,1,1
87,19,18.99999999999998,0.0,1,1,1,1
88,21,21.000000000000064,0.0,1,1,1,1
89,12,12.000000000000039,0.0,1,1,1,1
90,14,13.99999999999995,0.0,1,1,1,1
91,14,14.000000000000005,0.0,1,1,1,1
92,16,16.000000000000007,0.0,1,1,1,1
93,22,21.999999999999993,0.0,1,1,1,1
94,24,24.000000000000085,0.0,1,1,1,1
95,18,18.000000000000078,0.0,1,1,1,1
96,17,17.000000000000014,0.0,1,1,1,1
97,23,23.0,0.0,1,1,1,1
98,24,24.00000000000005,0.0,1,1,1,1
99,24,24.000000000000064,0.0,1,1,1,1
100,25,25.00000000000007,0.0,1,1,1,1
101,18,18.000000000000107,0.0,1,1,1,1
102,16,15.999999999999977,0.0,1,1,1,1
103,14,13.99999999999999,0.0,1,1,1,1
104,17,16.999999999999986,0.0,1,1,1,1
105,18,18.00000000000005,0.0,1,1,1,1
106,18,18.000000000000064,0.0,1,1,1,1
107,22,22.000000000000092,0.0,1,1,1,1
108,23,23.000000000000064,0.0,1,1,1,1
109,24,24.000000000000064,0.0,1,1,1,1
110,23,23.000000000000064,0.0,1,1,1,1
111,14,14.000000000000062,0.0,1,1,1,1
112,11,11.000000000000023,0.0,1,1,1,1
113,14,13.99999999999999,0.0,1,1,1,1
114,17,17.000000000000092,0.0,1,1,1,1
115,21,21.000000000000014,0.0,1,1,1,1
116,19,19.000000000000057,0.0,1,1,1,1
117,20,20.000000000000085,0.0,1,1,1,1
118,23,23.00000000000005,0.0,1,1,1,1
119,24,24.000000000000085,0.0,1,1,1,1
120,23,23.000000000000078,0.0,1,1,1,1
121,26,26.000000000000064,0.0,1,1,1,1
122,24,24.000000000000092,0.0,1,1,1,1
123,25,25.00000000000005,0.0,1,1,1,1
124,29,29.000000000000078,0.0,1,1,1,1
125,27,27.000000000000142,0.0,1,1,1,1
126,22,22.00000000000007,0.0,1,1,1,1
127,19,19.000000000000014,0.0,1,1,1,1
128,18,18.0,0.0,1,1,1,1
129,21,21.000000000000007,0.0,1,1,1,1
130,24,24.000000000000043,0.0,1,1,1,1
131,24,24.00000000000007,0.0,1,1,1,1
132,24,24.000000000000014,0.0,1,1,1,1
133,24,24.000000000000036,0.0,1,1,1,1
134,26,26.00000000000007,0.0,1,1,1,1
135,26,26.000000000000057,0.0,1,1,1,1
136,24,24.000000000000064,0.0,1,1,1,1
137,24,24.000000000000064,0.0,1,1,1,1
138,28,28.000000000000085,0.0,1,1,1,1
139,22,22.0000000000001,0.0,1,1,1,1
140,16,16.0000000000001,0.0,1,1,1,1
141,18,18.000000000000078,0.0,1,1,1,1
142,18,18.00000000000029,0.0,1,1,1,1
143,23,23.00000000000015,0.0,1,1,1,1
144,23,23.000000000000078,0.0,1,1,1,1
145,23,23.00000000000005,0.0,1,1,1,1
146,24,24.000000000000043,0.0,1,1,1,1
147,26,26.000000000000078,0.0,1,1,1,1
148,27,27.000000000000078,0.0,1,1,1,1
149,26,26.000000000000064,0.0,1,1,1,1
150,26,26.000000000000092,0.0,1,1,1,1
151,26,26.000000000000036,0.0,1,1,1,1
152,27,27.000000000000085,0.0,1,1,1,1
153,21,21.000000000000107,0.0,1,1,1,1
154,20,20.000000000000114,0.0,1,1,1,1
155,24,24.000000000000135,0.0,1,1,1,1
156,26,26.000000000000256,0.0,1,1,1,1
157,27,27.000000000000256,0.0,1,1,1,1
158,28,28.000000000000114,0.0,1,1,1,1
159,27,27.000000000000092,0.0,1,1,1,1
160,28,28.000000000000064,0.0,1,1,1,1
161,28,28.000000000000078,0.0,1,1,1,1
162,28,28.000000000000107,0.0,1,1,1,1
163,28,28.0000000000001,0.0,1,1,1,1
164,28,28.0000000000001,0.0,1,1,1,1
165,28,28.000000000000092,0.0,1,1,1,1
166,28,28.000000000000114,0.0,1,1,1,1
167,25,25.000000000000092,0.0,1,1,1,1
168,26,26.000000000000092,0.0,1,1,1,1
169,27,27.0000000000001,0.0,1,1,1,1
170,27,27.000000000000135,0.0,1,1,1,1
171,26,26.000000000000135,0.0,1,1,1,1
172,33,33.000000000000114,0.0,1,1,1,1
173,28,28.000000000000206,0.0,1,1,1,1
174,29,29.00000000000007,0.0,1,1,1,1
175,29,29.000000000000114,0.0,1,1,1,1
176,29,29.000000000000092,0.0,1,1,1,1
177,29,29.000000000000085,0.0,1,1,1,1
178,28,28.000000000000107,0.0,1,1,1,1
179,29,29.000000000000092,0.0,1,1,1,1
180,28,28.0000000000001,0.0,1,1,1,1
181,26,26.000000000000092,0.0,1,1,1,1
182,29,29.000000000000092,0.0,1,1,1,1
183,27,27.000000000000114,0.0,1,1,1,1
184,27,27.000000000000114,0.0,1,1,1,1
185,28,28.0000000000001,0.0,1,1,1,1
186,30,30.000000000000135,0.0,1,1,1,1
187,30,30.000000000000114,0.0,1,1,1,1
188,31,31.000000000000092,0.0,1,1,1,1
189,30,30.00000000000012,0.0,1,1,1,1
190,29,29.00000000000012,0.0,1,1,1,1
191,29,29.0000000000001,0.0,1,1,1,1
192,28,28.0000000000001,0.0,1,1,1,1
193,28,28.00000000000007,0.0,1,1,1,1
194,29,29.0000000000001,0.0,1,1,1,1
195,29,29.00000000000012,0.0,1,1,1,1
196,30,30.000000000000114,0.0,1,1,1,1
197,29,29.00000000000012,0.0,1,1,1,1
198,29,29.000000000000114,0.0,1,1,1,1
199,28,28.000000000000107,0.0,1,1,1,1
200,29,29.000000000000107,0.0,1,1,1,1
201,31,31.000000000000107,0.0,1,1,1,1
202,31,31.00000000000012,0.0,1,1,1,1
203,28,28.000000000000107,0.0,1,1,1,1
204,29,29.000000000000085,0.0,1,1,1,1
205,28,28.000000000000114,0.0,1,1,1,1
206,24,24.000000000000185,0.0,1,1,1,1
207,26,26.000000000000227,0.0,1,1,1,1
208,29,29.000000000000426,0.0,1,1,1,1
209,31,31.00000000000025,0.0,1,1,1,1
210,30,30.000000000000128,0.0,1,1,1,1
211,30,30.000000000000128,0.0,1,1,1,1
212,29,29.000000000000114,0.0,1,1,1,1
213,30,30.0000000000001,0.0,1,1,1,1
214,31,31.000000000000107,0.0,1,1,1,1
215,31,31.000000000000142,0.0,1,1,1,1
216,31,31.00000000000012,0.0,1,1,1,1
217,31,31.000000000000107,0.0,1,1,1,1
218,30,30.000000000000107,0.0,1,1,1,1
219,31,31.000000000000107,0.0,1,1,1,1
220,28,28.000000000000114,0.0,1,1,1,1
221,26,26.000000000000085,0.0,1,1,1,1
222,28,28.00000000000007,0.0,1,1,1,1
223,28,28.000000000000092,0.0,1,1,1,1
224,29,29.000000000000107,0.0,1,1,1,1
225,31,31.000000000000092,0.0,1,1,1,1
226,32,32.00000000000013,0.0,1,1,1,1
227,32,32.000000000000135,0.0,1,1,1,1
228,32,32.00000000000013,0.0,1,1,1,1
229,32,32.000000000000114,0.0,1,1,1,1
230,32,32.00000000000016,0.0,1,1,1,1
231,31,31.000000000000142,0.0,1,1,1,1
232,28,28.000000000000128,0.0,1,1,1,1
233,29,29.000000000000092,0.0,1,1,1,1
234,31,31.000000000000114,0.0,1,1,1,1
235,33,33.0000000000001,0.0,1,1,1,1
236,32,32.000000000000156,0.0,1,1,1,1
237,32,32.000000000000135,0.0,1,1,1,1
238,31,31.000000000000114,0.0,1,1,1,1
239,32,32.00000000000009,0.0,1,1,1,1
240,33,33.00000000000011,0.0,1,1,1,1
241,33,33.00000000000013,0.0,1,1,1,1
242,31,31.000000000000142,0.0,1,1,1,1
243,32,32.0000000000001,0.0,1,1,1,1
244,32,32.00000000000012,0.0,1,1,1,1
245,32,32.00000000000012,0.0,1,1,1,1
246,31,31.000000000000114,0.0,1,1,1,1
247,31,31.000000000000092,0.0,1,1,1,1
248,31,31.0000000000001,0.0,1,1,1,1
249,29,29.00000000000012,0.0,1,1,1,1
250,31,31.000000000000078,0.0,1,1,1,1
251,32,32.00000000000012,0.0,1,1,1,1
252,31,31.000000000000128,0.0,1,1,1,1
253,31,31.000000000000135,0.0,1,1,1,1
254,30,30.00000000000012,0.0,1,1,1,1
255,31,31.000000000000128,0.0,1,1,1,1
256,30,30.000000000000135,0.0,1,1,1,1
257,28,28.000000000000192,0.0,1,1,1,1
258,29,29.000000000000085,0.0,1,1,1,1
259,30,30.000000000000107,0.0,1,1,1,1
260,31,31.000000000000142,0.0,1,1,1,1
261,32,32.000000000000114,0.0,1,1,1,1
262,27,27.000000000000142,0.0,1,1,1,1
263,17,17.0000000000001,0.0,1,1,1,1
264,22,21.999999999999993,0.0,1,1,1,1
265,26,26.0000000000001,0.0,1,1,1,1
266,29,29.000000000000178,0.0,1,1,1,1
267,28,28.000000000000142,0.0,1,1,1,1
268,27,27.000000000000107,0.0,1,1,1,1
269,27,27.000000000000185,0.0,1,1,1,1
270,28,28.00000000000024,0.0,1,1,1,1
271,27,27.000000000000405,0.0,1,1,1,1
272,27,27.000000000000135,0.0,1,1,1,1
273,24,24.000000000000114,0.0,1,1,1,1
274,22,22.000000000000085,0.0,1,1,1,1
275,23,23.000000000000043,0.0,1,1,1,1
276,24,24.00000000000007,0.0,1,1,1,1
277,23,23.00000000000005,0.0,1,1,1,1
278,25,25.000000000000078,0.0,1,1,1,1
279,26,26.00000000000007,0.0,1,1,1,1
280,26,26.000000000000078,0.0,1,1,1,1
281,29,29.000000000000114,0.0,1,1,1,1
282,29,29.000000000000107,0.0,1,1,1,1
283,24,24.0000000000001,0.0,1,1,1,1
284,21,21.000000000000043,0.0,1,1,1,1
285,24,24.000000000000014,0.0,1,1,1,1
286,27,27.00000000000005,0.0,1,1,1,1
287,28,28.000000000000114,0.0,1,1,1,1
288,28,28.000000000000114,0.0,1,1,1,1
289,29,29.000000000000092,0.0,1,1,1,1
290,29,29.000000000000085,0.0,1,1,1,1
291,21,21.000000000000092,0.0,1,1,1,1
292,21,21.00000000000005,0.0,1,1,1,1
293,21,21.000000000000092,0.0,1,1,1,1
294,19,19.000000000000156,0.0,1,1,1,1
295,22,22.000000000000036,0.0,1,1,1,1
296,22,22.000000000000064,0.0,1,1,1,1
297,23,23.000000000000057,0.0,1,1,1,1
298,24,24.000000000000064,0.0,1,1,1,1
299,23,23.000000000000085,0.0,1,1,1,1
300,23,23.000000000000036,0.0,1,1,1,1
301,22,22.000000000000078,0.0,1,1,1,1
302,22,22.00000000000005,0.0,1,1,1,1
303,24,24.000000000000064,0.0,1,1,1,1
304,23,23.000000000000064,0.0,1,1,1,1
305,24,24.000000000000057,0.0,1,1,1,1
306,23,23.000000000000078,0.0,1,1,1,1
307,23,23.000000000000057,0.0,1,1,1,1
308,24,24.000000000000064,0.0,1,1,1,1
309,23,23.000000000000078,0.0,1,1,1,1
310,23,23.000000000000043,0.0,1,1,1,1
311,19,19.000000000000057,0.0,1,1,1,1
312,14,14.000000000000032,0.0,1,1,1,1
313,17,17.0,0.0,1,1,1,1
314,20,20.00000000000003,0.0,1,1,1,1
315,19,19.000000000000064,0.0,1,1,1,1
316,14,14.000000000000064,0.0,1,1,1,1
317,15,15.000000000000048,0.0,1,1,1,1
318,16,16.0000000000001,0.0,1,1,1,1
319,17,17.000000000000156,0.0,1,1,1,1
320,16,16.00000000000003,0.0,1,1,1,1
321,17,17.000000000000007,0.0,1,1,1,1
322,12,12.00000000000004,0.0,1,1,1,1
323,7,6.99999999999998,0.0,1,1,1,1
324,2,1.9999999999999103,0.0,1,1,1,1
325,3,2.9999999999998805,0.0,1,1,1,1
326,7,6.9999999999999165,0.0,1,1,1,1
327,6,5.999999999999951,0.0,1,1,1,1
328,6,5.999999999999985,0.0,1,1,1,1
329,6,5.99999999999997,0.0,1,1,1,1
330,11,10.999999999999977,0.0,1,1,1,1
331,14,14.000000000000016,0.0,1,1,1,1
332,20,20.000000000000014,0.0,1,1,1,1
333,17,17.000000000000064,0.0,1,1,1,1
334,19,19.000000000000135,0.0,1,1,1,1
335,12,12.000000000000181,0.0,1,1,1,1
336,12,12.00000000000028,0.0,1,1,1,1
337,16,15.999999999999991,0.0,1,1,1,1
338,12,12.000000000000014,0.0,1,1,1,1
339,14,13.999999999999966,0.0,1,1,1,1
340,18,18.0,0.0,1,1,1,1
341,22,22.00000000000003,0.0,1,1,1,1
342,12,12.000000000000078,0.0,1,1,1,1
343,7,6.999999999999977,0.0,1,1,1,1
344,12,11.999999999999917,0.0,1,1,1,1
345,17,17.000000000000007,0.0,1,1,1,1
346,21,21.00000000000005,0.0,1,1,1,1
347,17,17.00000000000005,0.0,1,1,1,1
348,12,12.000000000000046,0.0,1,1,1,1
349,14,13.999999999999979,0.0,1,1,1,1
350,13,13.000000000000012,0.0,1,1,1,1
351,14,14.000000000000016,0.0,1,1,1,1
352,17,17.000000000000007,0.0,1,1,1,1
353,18,18.00000000000002,0.0,1,1,1,1
354,18,18.00000000000003,0.0,1,1,1,1
355,20,20.00000000000007,0.0,1,1,1,1
356,17,17.000000000000085,0.0,1,1,1,1
357,13,13.000000000000048,0.0,1,1,1,1
358,11,10.999999999999982,0.0,1,1,1,1
359,13,12.999999999999929,0.0,1,1,1,1
360,12,11.99999999999999,0.0,1,1,1,1
361,11,11.000000000000005,0.0,1,1,1,1
362,12,12.000000000000037,0.0,1,1,1,1
363,19,19.000000000000043,0.0,1,1,1,1
364,11,11.00000000000008,0.0,1,1,1,1
365,8,7.999999999999988,0.0,1,1,1,1
366,9,8.99999999999993,0.0,1,1,1,1
367,18,17.99999999999998,0.0,1,1,1,1
368,12,12.00000000000004,0.0,1,1,1,1
369,4,3.999999999999983,0.0,1,1,1,1
370,9,8.999999999999899,0.0,1,1,1,1
371,6,5.999999999999993,0.0,1,1,1,1
372,4,3.999999999999936,0.0,1,1,1,1
373,3,2.9999999999998974,0.0,1,1,1,1
374,5,4.999999999999956,0.0,1,1,1,1
375,11,11.000000000000023,0.0,1,1,1,1
376,6,6.000000000000095,0.0,1,1,1,1
377,5,5.000000000000024,0.0,1,1,1,1
378,12,12.000000000000021,0.0,1,1,1,1
379,5,5.000000000000002,0.0,1,1,1,1
380,-1,-1.0000000000000566,0.0,1,1,1,1
381,2,1.9999999999998437,0.0,1,1,1,1
382,1,0.9999999999998759,0.0,1,1,1,1
383,6,5.999999999999903,0.0,1,1,1,1
384,6,5.999999999999986,0.0,1,1,1,1
385,4,4.00000000000001,0.0,1,1,1,1
386,4,3.9999999999999343,0.0,1,1,1,1
387,9,8.999999999999972,0.0,1,1,1,1
388,11,11.000000000000004,0.0,1,1,1,1
389,12,12.000000000000055,0.0,1,1,1,1
390,15,15.000000000000034,0.0,1,1,1,1
391,13,13.000000000000023,0.0,1,1,1,1
392,16,16.000000000000014,0.0,1,1,1,1
393,12,12.000000000000039,0.0,1,1,1,1
394,8,7.9999999999999645,0.0,1,1,1,1
395,7,7.000000000000007,0.0,1,1,1,1
396,10,10.00000000000006,0.0,1,1,1,1
397,14,14.000000000000215,0.0,1,1,1,1
398,16,16.00000000000007,0.0,1,1,1,1
399,19,19.000000000000043,0.0,1,1,1,1
400,17,17.000000000000043,0.0,1,1,1,1
401,19,19.000000000000014,0.0,1,1,1,1
402,12,12.000000000000023,0.0,1,1,1,1
403,13,12.99999999999997,0.0,1,1,1,1
404,15,14.999999999999996,0.0,1,1,1,1
405,5,5.000000000000024,0.0,1,1,1,1
406,6,5.9999999999999485,0.0,1,1,1,1
407,9,8.999999999999913,0.0,1,1,1,1
408,7,6.999999999999954,0.0,1,1,1,1
409,9,8.99999999999998,0.0,1,1,1,1
410,13,13.000000000000018,0.0,1,1,1,1
411,20,20.00000000000003,0.0,1,1,1,1
412,20,20.000000000000114,0.0,1,1,1,1
413,18,18.000000000000064,0.0,1,1,1,1
414,18,18.000000000000036,0.0,1,1,1,1
415,12,12.000000000000023,0.0,1,1,1,1
416,13,12.999999999999964,0.0,1,1,1,1
417,17,16.999999999999993,0.0,1,1,1,1
418,17,17.000000000000014,0.0,1,1,1,1
419,11,11.000000000000046,0.0,1,1,1,1
420,7,6.99999999999996,0.0,1,1,1,1
421,9,8.999999999999941,0.0,1,1,1,1
422,12,11.99999999999999,0.0,1,1,1,1
423,18,18.000000000000014,0.0,1,1,1,1
424,19,19.000000000000043,0.0,1,1,1,1
425,8,8.000000000000046,0.0,1,1,1,1
426,1,0.9999999999999367,0.0,1,1,1,1
427,1,0.9999999999998539,0.0,1,1,1,1
428,9,8.99999999999992,0.0,1,1,1,1
429,6,6.000000000000031,0.0,1,1,1,1
430,1,0.9999999999999754,0.0,1,1,1,1
431,1,0.9999999999998797,0.0,1,1,1,1
432,4,3.9999999999998934,0.0,1,1,1,1
433,6,5.999999999999949,0.0,1,1,1,1
434,11,10.999999999999986,0.0,1,1,1,1
435,11,11.000000000000039,0.0,1,1,1,1
436,4,4.00000000000003,0.0,1,1,1,1
437,6,5.9999999999999245,0.0,1,1,1,1
438,9,9.000000000000009,0.0,1,1,1,1
439,11,10.999999999999993,0.0,1,1,1,1
440,11,10.999999999999996,0.0,1,1,1,1
441,14,14.000000000000082,0.0,1,1,1,1
442,14,14.000000000000135,0.0,1,1,1,1
443,17,17.000000000000213,0.0,1,1,1,1
444,19,19.000000000000043,0.0,1,1,1,1
445,19,19.000000000000085,0.0,1,1,1,1
446,16,16.000000000000043,0.0,1,1,1,1
447,18,18.000000000000007,0.0,1,1,1,1
448,21,21.000000000000014,0.0,1,1,1,1
449,22,22.000000000000064,0.0,1,1,1,1
450,23,23.000000000000078,0.0,1,1,1,1
451,18,18.000000000000092,0.0,1,1,1,1
452,14,14.00000000000005,0.0,1,1,1,1
453,20,20.00000000000002,0.0,1,1,1,1
454,19,19.000000000000178,0.0,1,1,1,1
455,22,22.000000000000114,0.0,1,1,1,1
456,23,23.000000000000064,0.0,1,1,1,1
457,17,17.000000000000078,0.0,1,1,1,1
458,18,18.00000000000002,0.0,1,1,1,1
459,19,19.000000000000036,0.0,1,1,1,1
460,22,22.000000000000036,0.0,1,1,1,1
461,22,22.00000000000007,0.0,1,1,1,1
462,23,23.00000000000007,0.0,1,1,1,1
463,24,24.000000000000064,0.0,1,1,1,1
464,24,24.00000000000005,0.0,1,1,1,1
465,24,24.000000000000078,0.0,1,1,1,1
466,17,17.00000000000007,0.0,1,1,1,1
467,18,17.999999999999993,0.0,1,1,1,1
468,24,24.0,0.0,1,1,1,1
469,26,26.000000000000085,0.0,1,1,1,1
470,23,23.000000000000107,0.0,1,1,1,1
471,26,26.00000000000005,0.0,1,1,1,1
472,18,18.000000000000078,0.0,1,1,1,1
473,18,17.999999999999986,0.0,1,1,1,1
474,24,24.00000000000002,0.0,1,1,1,1
475,24,24.0000000000001,0.0,1,1,1,1
476,19,19.000000000000107,0.0,1,1,1,1
477,21,21.000000000000057,0.0,1,1,1,1
478,23,23.000000000000036,0.0,1,1,1,1
479,22,22.000000000000057,0.0,1,1,1,1
480,19,19.000000000000043,0.0,1,1,1,1
481,23,23.000000000000078,0.0,1,1,1,1
482,18,18.000000000000114,0.0,1,1,1,1
483,19,19.00000000000007,0.0,1,1,1,1
484,23,23.000000000000014,0.0,1,1,1,1
485,25,25.000000000000064,0.0,1,1,1,1
486,25,25.000000000000078,0.0,1,1,1,1
487,28,28.000000000000107,0.0,1,1,1,1
488,26,26.000000000000128,0.0,1,1,1,1
489,23,23.00000000000015,0.0,1,1,1,1
490,15,15.000000000000057,0.0,1,1,1,1
491,17,17.00000000000002,0.0,1,1,1,1
492,19,19.000000000000057,0.0,1,1,1,1
493,21,21.00000000000007,0.0,1,1,1,1
494,22,22.000000000000078,0.0,1,1,1,1
495,22,22.000000000000064,0.0,1,1,1,1
496,24,24.000000000000057,0.0,1,1,1,1
497,24,24.00000000000007,0.0,1,1,1,1
498,26,26.000000000000156,0.0,1,1,1,1
499,26,26.00000000000022,0.0,1,1,1,1
500,24,24.00000000000039,0.0,1,1,1,1
501,26,26.000000000000057,0.0,1,1,1,1
502,28,28.000000000000092,0.0,1,1,1,1
503,23,23.00000000000012,0.0,1,1,1,1
504,19,19.000000000000064,0.0,1,1,1,1
505,19,19.000000000000014,0.0,1,1,1,1
506,26,26.0000000000001,0.0,1,1,1,1
507,22,22.000000000000156,0.0,1,1,1,1
508,25,25.000000000000185,0.0,1,1,1,1
509,24,24.000000000000114,0.0,1,1,1,1
510,27,27.000000000000178,0.0,1,1,1,1
511,28,28.00000000000017,0.0,1,1,1,1
512,27,27.000000000000313,0.0,1,1,1,1
513,21,21.00000000000007,0.0,1,1,1,1
514,21,21.000000000000036,0.0,1,1,1,1
515,25,25.00000000000005,0.0,1,1,1,1
516,23,23.000000000000135,0.0,1,1,1,1
517,23,23.000000000000178,0.0,1,1,1,1
518,26,26.000000000000362,0.0,1,1,1,1
519,24,24.000000000000334,0.0,1,1,1,1
520,26,26.000000000000504,0.0,1,1,1,1
521,25,25.000000000000092,0.0,1,1,1,1
522,26,26.000000000000107,0.0,1,1,1,1
523,25,25.000000000000156,0.0,1,1,1,1
524,24,24.00000000000015,0.0,1,1,1,1
525,26,26.000000000000114,0.0,1,1,1,1
526,26,26.000000000000092,0.0,1,1,1,1
527,26,26.00000000000007,0.0,1,1,1,1
528,27,27.00000000000007,0.0,1,1,1,1
529,27,27.0000000000001,0.0,1,1,1,1
530,27,27.000000000000085,0.0,1,1,1,1
531,28,28.0000000000001,0.0,1,1,1,1
532,29,29.00000000000012,0.0,1,1,1,1
533,28,28.000000000000107,0.0,1,1,1,1
534,29,29.000000000000092,0.0,1,1,1,1
535,29,29.000000000000092,0.0,1,1,1,1
536,29,29.000000000000107,0.0,1,1,1,1
537,26,26.000000000000107,0.0,1,1,1,1
538,28,28.000000000000092,0.0,1,1,1,1
539,26,26.00000000000012,0.0,1,1,1,1
540,27,27.000000000000227,0.0,1,1,1,1
541,28,28.000000000000185,0.0,1,1,1,1
542,26,26.000000000000313,0.0,1,1,1,1
543,26,26.000000000000313,0.0,1,1,1,1
544,26,26.000000000000085,0.0,1,1,1,1
545,27,27.000000000000213,0.0,1,1,1,1
546,29,29.00000000000015,0.0,1,1,1,1
547,28,28.000000000000192,0.0,1,1,1,1
548,28,28.00000000000012,0.0,1,1,1,1
549,29,29.000000000000114,0.0,1,1,1,1
550,28,28.000000000000128,0.0,1,1,1,1
551,28,28.0000000000001,0.0,1,1,1,1
552,29,29.000000000000114,0.0,1,1,1,1
553,29,29.000000000000092,0.0,1,1,1,1
554,27,27.000000000000135,0.0,1,1,1,1
555,27,27.000000000000135,0.0,1,1,1,1
556,29,29.000000000000192,0.0,1,1,1,1
557,29,29.000000000000206,0.0,1,1,1,1
558,29,29.000000000000178,0.0,1,1,1,1
559,29,29.000000000000156,0.0,1,1,1,1
560,29,29.0000000000001,0.0,1,1,1,1
561,29,29.000000000000085,0.0,1,1,1,1
562,29,29.000000000000092,0.0,1,1,1,1
563,29,29.000000000000092,0.0,1,1,1,1
564,28,28.000000000000114,0.0,1,1,1,1
565,29,29.000000000000092,0.0,1,1,1,1
566,30,30.00000000000012,0.0,1,1,1,1
567,30,30.000000000000114,0.0,1,1,1,1
568,29,29.00000000000012,0.0,1,1,1,1
569,29,29.000000000000107,0.0,1,1,1,1
570,30,30.000000000000114,0.0,1,1,1,1
571,31,31.000000000000114,0.0,1,1,1,1
572,31,31.000000000000114,0.0,1,1,1,1
573,30,30.0000000000001,0.0,1,1,1,1
574,30,30.0000000000001,0.0,1,1,1,1
575,31,31.00000000000012,0.0,1,1,1,1
576,31,31.000000000000128,0.0,1,1,1,1
577,31,31.000000000000128,0.0,1,1,1,1
578,31,31.000000000000135,0.0,1,1,1,1
579,31,31.000000000000114,0.0,1,1,1,1
580,32,32.00000000000011,0.0,1,1,1,1
581,32,32.000000000000114,0.0,1,1,1,1
582,32,32.00000000000011,0.0,1,1,1,1
583,31,31.00000000000015,0.0,1,1,1,1
584,32,32.00000000000012,0.0,1,1,1,1
585,30,30.000000000000135,0.0,1,1,1,1
586,31,31.000000000000085,0.0,1,1,1,1
587,31,31.0000000000001,0.0,1,1,1,1
588,32,32.0000000000001,0.0,1,1,1,1
589,32,32.000000000000085,0.0,1,1,1,1
590,32,32.00000000000012,0.0,1,1,1,1
591,32,32.00000000000014,0.0,1,1,1,1
592,32,32.00000000000012,0.0,1,1,1,1
593,32,32.00000000000013,0.0,1,1,1,1
594,32,32.00000000000016,0.0,1,1,1,1
595,32,32.000000000000156,0.0,1,1,1,1
596,33,33.00000000000016,0.0,1,1,1,1
597,33,33.00000000000015,0.0,1,1,1,1
598,32,32.000000000000135,0.0,1,1,1,1
599,32,32.000000000000114,0.0,1,1,1,1
600,31,31.000000000000114,0.0,1,1,1,1
601,30,30.000000000000092,0.0,1,1,1,1
602,31,31.0000000000001,0.0,1,1,1,1
603,32,32.000000000000114,0.0,1,1,1,1
604,26,26.000000000000107,0.0,1,1,1,1
605,28,28.000000000000064,0.0,1,1,1,1
606,31,31.000000000000092,0.0,1,1,1,1
607,32,32.00000000000017,0.0,1,1,1,1
608,32,32.00000000000015,0.0,1,1,1,1
609,32,32.00000000000014,0.0,1,1,1,1
610,30,30.000000000000128,0.0,1,1,1,1
611,30,30.000000000000114,0.0,1,1,1,1
612,29,29.0000000000001,0.0,1,1,1,1
613,28,28.000000000000107,0.0,1,1,1,1
614,30,30.000000000000085,0.0,1,1,1,1
615,30,30.0000000000001,0.0,1,1,1,1
616,29,29.000000000000078,0.0,1,1,1,1
617,28,28.000000000000092,0.0,1,1,1,1
618,29,29.000000000000078,0.0,1,1,1,1
619,31,31.0000000000001,0.0,1,1,1,1
620,32,32.000000000000114,0.0,1,1,1,1
621,31,31.000000000000128,0.0,1,1,1,1
622,31,31.000000000000128,0.0,1,1,1,1
623,31,31.000000000000135,0.0,1,1,1,1
624,29,29.00000000000012,0.0,1,1,1,1
625,29,29.000000000000128,0.0,1,1,1,1
626,29,29.000000000000163,0.0,1,1,1,1
627,27,27.000000000000227,0.0,1,1,1,1
628,25,25.000000000000163,0.0,1,1,1,1
629,25,25.000000000000142,0.0,1,1,1,1
630,29,29.000000000000057,0.0,1,1,1,1
631,29,29.000000000000107,0.0,1,1,1,1
632,30,30.0000000000001,0.0,1,1,1,1
633,30,30.000000000000107,0.0,1,1,1,1
634,29,29.000000000000128,0.0,1,1,1,1
635,28,28.00000000000012,0.0,1,1,1,1
636,29,29.000000000000107,0.0,1,1,1,1
637,29,29.000000000000107,0.0,1,1,1,1
638,27,27.000000000000114,0.0,1,1,1,1
639,28,28.000000000000092,0.0,1,1,1,1
640,29,29.000000000000092,0.0,1,1,1,1
641,28,28.000000000000078,0.0,1,1,1,1
642,27,27.000000000000085,0.0,1,1,1,1
643,26,26.000000000000085,0.0,1,1,1,1
644,27,27.000000000000078,0.0,1,1,1,1
645,28,28.000000000000092,0.0,1,1,1,1
646,28,28.000000000000107,0.0,1,1,1,1
647,26,26.000000000000092,0.0,1,1,1,1
648,22,22.000000000000043,0.0,1,1,1,1
649,23,23.000000000000043,0.0,1,1,1,1
650,24,24.000000000000036,0.0,1,1,1,1
651,25,25.000000000000057,0.0,1,1,1,1
652,25,25.000000000000036,0.0,1,1,1,1
653,27,27.000000000000064,0.0,1,1,1,1
654,27,27.00000000000007,0.0,1,1,1,1
655,26,26.000000000000078,0.0,1,1,1,1
656,27,27.000000000000092,0.0,1,1,1,1
657,30,30.0000000000001,0.0,1,1,1,1
658,26,26.000000000000142,0.0,1,1,1,1
659,26,26.000000000000078,0.0,1,1,1,1
660,26,26.000000000000078,0.0,1,1,1,1
661,24,24.000000000000064,0.0,1,1,1,1
662,24,24.000000000000064,0.0,1,1,1,1
663,22,22.000000000000078,0.0,1,1,1,1
664,21,21.000000000000036,0.0,1,1,1,1
665,23,23.00000000000005,0.0,1,1,1,1
666,26,26.00000000000007,0.0,1,1,1,1
667,24,24.00000000000007,0.0,1,1,1,1
668,24,24.000000000000057,0.0,1,1,1,1
669,20,20.000000000000057,0.0,1,1,1,1
670,16,16.000000000000192,0.0,1,1,1,1
671,21,21.0000000000002,0.0,1,1,1,1
672,22,22.000000000000497,0.0,1,1,1,1
673,21,21.000000000000142,0.0,1,1,1,1
674,19,19.000000000000078,0.0,1,1,1,1
675,22,22.000000000000043,0.0,1,1,1,1
676,22,22.000000000000185,0.0,1,1,1,1
677,19,19.00000000000024,0.0,1,1,1,1
678,20,20.00000000000047,0.0,1,1,1,1
679,21,21.00000000000015,0.0,1,1,1,1
680,21,21.00000000000005,0.0,1,1,1,1
681,26,26.00000000000007,0.0,1,1,1,1
682,20,20.000000000000114,0.0,1,1,1,1
683,16,16.00000000000002,0.0,1,1,1,1
684,17,17.000000000000007,0.0,1,1,1,1
685,17,17.000000000000036,0.0,1,1,1,1
686,19,19.000000000000078,0.0,1,1,1,1
687,25,25.00000000000005,0.0,1,1,1,1
688,18,18.000000000000057,0.0,1,1,1,1
689,16,15.999999999999998,0.0,1,1,1,1
690,16,15.999999999999952,0.0,1,1,1,1
691,17,16.99999999999998,0.0,1,1,1,1
692,21,21.00000000000003,0.0,1,1,1,1
693,16,16.000000000000057,0.0,1,1,1,1
694,14,14.000000000000073,0.0,1,1,1,1
695,17,17.000000000000057,0.0,1,1,1,1
696,18,18.000000000000092,0.0,1,1,1,1
697,12,12.000000000000046,0.0,1,1,1,1
698,8,7.9999999999999964,0.0,1,1,1,1
699,9,8.999999999999947,0.0,1,1,1,1
700,13,12.999999999999954,0.0,1,1,1,1
701,20,20.00000000000003,0.0,1,1,1,1
702,22,22.000000000000036,0.0,1,1,1,1
703,14,14.000000000000068,0.0,1,1,1,1
704,6,6.0000000000000595,0.0,1,1,1,1
705,7,6.999999999999994,0.0,1,1,1,1
706,10,10.00000000000008,0.0,1,1,1,1
707,12,12.000000000000004,0.0,1,1,1,1
708,13,13.000000000000027,0.0,1,1,1,1
709,11,11.000000000000007,0.0,1,1,1,1
710,10,9.999999999999991,0.0,1,1,1,1
711,11,10.999999999999973,0.0,1,1,1,1
712,14,13.999999999999988,0.0,1,1,1,1
713,14,14.000000000000044,0.0,1,1,1,1
714,15,15.000000000000016,0.0,1,1,1,1
715,17,17.000000000000043,0.0,1,1,1,1
716,18,18.000000000000007,0.0,1,1,1,1
717,19,19.000000000000043,0.0,1,1,1,1
718,23,23.000000000000043,0.0,1,1,1,1
719,16,16.00000000000007,0.0,1,1,1,1
720,15,15.00000000000009,0.0,1,1,1,1
721,18,18.00000000000007,0.0,1,1,1,1
722,13,13.000000000000194,0.0,1,1,1,1
723,12,11.999999999999979,0.0,1,1,1,1
724,8,7.999999999999979,0.0,1,1,1,1
725,11,10.999999999999947,0.0,1,1,1,1
726,15,14.999999999999995,0.0,1,1,1,1
727,18,18.000000000000014,0.0,1,1,1,1
728,18,18.000000000000043,0.0,1,1,1,1
729,19,19.000000000000078,0.0,1,1,1,1
730,17,17.00000000000003,0.0,1,1,1,1
731,16,16.00000000000003,0.0,1,1,1,1
732,23,23.0,0.0,1,1,1,1
733,13,13.00000000000007,0.0,1,1,1,1
734,5,5.000000000000056,0.0,1,1,1,1
735,6,6.000000000000007,0.0,1,1,1,1
736,9,9.000000000000114,0.0,1,1,1,1
737,8,8.00000000000009,0.0,1,1,1,1
738,8,7.999999999999982,0.0,1,1,1,1
739,7,6.999999999999973,0.0,1,1,1,1
740,11,10.999999999999941,0.0,1,1,1,1
741,9,9.000000000000023,0.0,1,1,1,1
742,8,8.00000000000001,0.0,1,1,1,1
743,10,9.999999999999986,0.0,1,1,1,1
744,16,15.99999999999998,0.0,1,1,1,1
745,13,13.000000000000059,0.0,1,1,1,1
746,9,9.000000000000039,0.0,1,1,1,1
747,6,5.999999999999955,0.0,1,1,1,1
748,7,6.999999999999938,0.0,1,1,1,1
749,10,9.999999999999961,0.0,1,1,1,1
750,11,11.000000000000004,0.0,1,1,1,1
751,15,15.000000000000004,0.0,1,1,1,1
752,15,15.000000000000066,0.0,1,1,1,1
753,12,12.000000000000028,0.0,1,1,1,1
754,7,6.999999999999997,0.0,1,1,1,1
755,9,8.999999999999947,0.0,1,1,1,1
756,13,12.999999999999982,0.0,1,1,1,1
757,11,11.00000000000002,0.0,1,1,1,1
758,12,11.99999999999998,0.0,1,1,1,1
759,8,7.999999999999986,0.0,1,1,1,1
760,7,6.99999999999995,0.0,1,1,1,1
761,12,11.999999999999957,0.0,1,1,1,1
762,19,19.00000000000002,0.0,1,1,1,1
763,11,11.000000000000062,0.0,1,1,1,1
764,9,8.999999999999956,0.0,1,1,1,1
765,11,10.999999999999956,0.0,1,1,1,1
766,14,14.000000000000007,0.0,1,1,1,1
767,17,17.00000000000003,0.0,1,1,1,1
768,22,22.00000000000003,0.0,1,1,1,1
769,19,19.00000000000007,0.0,1,1,1,1
770,17,17.000000000000043,0.0,1,1,1,1
771,9,8.999999999999961,0.0,1,1,1,1
772,8,7.9999999999999325,0.0,1,1,1,1
773,9,8.999999999999924,0.0,1,1,1,1
774,11,10.999999999999966,0.0,1,1,1,1
775,10,10.0,0.0,1,1,1,1
776,13,13.00000000000001,0.0,1,1,1,1
777,14,13.999999999999995,0.0,1,1,1,1
778,13,13.000000000000012,0.0,1,1,1,1
779,20,20.00000000000002,0.0,1,1,1,1
780,17,17.000000000000064,0.0,1,1,1,1
781,18,18.000000000000036,0.0,1,1,1,1
782,19,19.00000000000003,0.0,1,1,1,1
783,17,17.000000000000036,0.0,1,1,1,1
784,17,17.00000000000005,0.0,1,1,1,1
785,17,17.000000000000036,0.0,1,1,1,1
786,19,18.99999999999997,0.0,1,1,1,1
787,23,23.000000000000014,0.0,1,1,1,1
788,22,22.00000000000005,0.0,1,1,1,1
789,20,20.000000000000036,0.0,1,1,1,1
790,18,18.00000000000003,0.0,1,1,1,1
791,12,12.000000000000028,0.0,1,1,1,1
792,12,11.999999999999998,0.0,1,1,1,1
793,12,12.000000000000025,0.0,1,1,1,1
794,12,12.000000000000117,0.0,1,1,1,1
795,14,13.999999999999986,0.0,1,1,1,1
796,19,19.000000000000007,0.0,1,1,1,1
797,21,21.00000000000005,0.0,1,1,1,1
798,21,21.000000000000064,0.0,1,1,1,1
799,18,18.000000000000043,0.0,1,1,1,1
800,23,23.000000000000043,0.0,1,1,1,1
801,16,16.000000000000036,0.0,1,1,1,1
802,20,20.000000000000007,0.0,1,1,1,1
803,20,20.000000000000036,0.0,1,1,1,1
804,21,21.000000000000043,0.0,1,1,1,1
805,24,24.00000000000002,0.0,1,1,1,1
806,18,18.00000000000007,0.0,1,1,1,1
807,16,16.000000000000064,0.0,1,1,1,1
808,18,18.0000000000001,0.0,1,1,1,1
809,19,19.00000000000025,0.0,1,1,1,1
810,22,22.00000000000012,0.0,1,1,1,1
811,23,23.000000000000128,0.0,1,1,1,1
812,27,27.000000000000107,0.0,1,1,1,1
813,22,22.000000000000092,0.0,1,1,1,1
814,23,23.000000000000036,0.0,1,1,1,1
815,20,20.000000000000064,0.0,1,1,1,1
816,13,13.000000000000059,0.0,1,1,1,1
817,12,11.99999999999997,0.0,1,1,1,1
818,11,11.000000000000005,0.0,1,1,1,1
819,17,16.999999999999986,0.0,1,1,1,1
820,23,23.00000000000003,0.0,1,1,1,1
821,15,15.000000000000124,0.0,1,1,1,1
822,14,14.00000000000003,0.0,1,1,1,1
823,16,16.000000000000014,0.0,1,1,1,1
824,18,18.000000000000036,0.0,1,1,1,1
825,17,17.00000000000003,0.0,1,1,1,1
826,18,18.000000000000007,0.0,1,1,1,1
827,23,23.00000000000005,0.0,1,1,1,1
828,24,24.000000000000135,0.0,1,1,1,1
829,15,15.00000000000009,0.0,1,1,1,1
830,16,16.000000000000036,0.0,1,1,1,1
831,17,17.000000000000014,0.0,1,1,1,1
832,20,20.000000000000043,0.0,1,1,1,1
833,20,20.00000000000007,0.0,1,1,1,1
834,21,21.000000000000064,0.0,1,1,1,1
835,19,19.00000000000005,0.0,1,1,1,1
836,20,20.00000000000005,0.0,1,1,1,1
837,20,20.000000000000036,0.0,1,1,1,1
838,22,22.000000000000007,0.0,1,1,1,1
839,27,27.00000000000003,0.0,1,1,1,1
840,20,20.000000000000085,0.0,1,1,1,1
841,18,18.000000000000064,0.0,1,1,1,1
842,19,19.000000000000057,0.0,1,1,1,1
843,19,19.000000000000178,0.0,1,1,1,1
844,21,21.000000000000092,0.0,1,1,1,1
845,22,22.000000000000078,0.0,1,1,1,1
846,21,21.000000000000092,0.0,1,1,1,1
847,22,22.000000000000156,0.0,1,1,1,1
848,22,22.000000000000227,0.0,1,1,1,1
849,22,22.000000000000192,0.0,1,1,1,1
850,22,22.0000000000001,0.0,1,1,1,1
851,21,21.000000000000135,0.0,1,1,1,1
852,22,22.000000000000078,0.0,1,1,1,1
853,26,26.00000000000005,0.0,1,1,1,1
854,26,26.000000000000078,0.0,1,1,1,1
855,24,24.000000000000128,0.0,1,1,1,1
856,24,24.000000000000092,0.0,1,1,1,1
857,27,27.000000000000092,0.0,1,1,1,1
858,24,24.000000000000178,0.0,1,1,1,1
859,22,22.00000000000015,0.0,1,1,1,1
860,18,18.00000000000017,0.0,1,1,1,1
861,19,19.00000000000015,0.0,1,1,1,1
862,22,22.000000000000135,0.0,1,1,1,1
863,23,23.000000000000156,0.0,1,1,1,1
864,22,22.00000000000007,0.0,1,1,1,1
865,23,23.00000000000005,0.0,1,1,1,1
866,21,21.000000000000036,0.0,1,1,1,1
867,25,25.00000000000002,0.0,1,1,1,1
868,26,26.000000000000078,0.0,1,1,1,1
869,24,24.00000000000012,0.0,1,1,1,1
870,24,24.000000000000085,0.0,1,1,1,1
871,26,26.000000000000085,0.0,1,1,1,1
872,22,22.0000000000001,0.0,1,1,1,1
873,19,19.000000000000085,0.0,1,1,1,1
874,23,23.000000000000057,0.0,1,1,1,1
875,23,23.000000000000142,0.0,1,1,1,1
876,22,22.000000000000092,0.0,1,1,1,1
877,21,21.000000000000064,0.0,1,1,1,1
878,23,23.00000000000012,0.0,1,1,1,1
879,25,25.00000000000015,0.0,1,1,1,1
880,27,27.000000000000277,0.0,1,1,1,1
881,26,26.000000000000064,0.0,1,1,1,1
882,27,27.00000000000007,0.0,1,1,1,1
883,28,28.000000000000064,0.0,1,1,1,1
884,26,26.00000000000012,0.0,1,1,1,1
885,22,22.000000000000092,0.0,1,1,1,1
886,26,26.000000000000092,0.0,1,1,1,1
887,26,26.00000000000012,0.0,1,1,1,1
888,26,26.00000000000015,0.0,1,1,1,1
889,24,24.000000000000092,0.0,1,1,1,1
890,26,26.000000000000107,0.0,1,1,1,1
891,24,24.000000000000156,0.0,1,1,1,1
892,24,24.000000000000178,0.0,1,1,1,1
893,25,25.000000000000163,0.0,1,1,1,1
894,26,26.000000000000185,0.0,1,1,1,1
895,27,27.000000000000234,0.0,1,1,1,1
896,27,27.000000000000135,0.0,1,1,1,1
897,27,27.000000000000085,0.0,1,1,1,1
898,28,28.000000000000078,0.0,1,1,1,1
899,27,27.000000000000085,0.0,1,1,1,1
900,29,29.000000000000078,0.0,1,1,1,1
901,30,30.0000000000001,0.0,1,1,1,1
902,29,29.000000000000085,0.0,1,1,1,1
903,30,30.000000000000107,0.0,1,1,1,1
904,31,31.000000000000107,0.0,1,1,1,1
905,30,30.000000000000107,0.0,1,1,1,1
906,31,31.000000000000107,0.0,1,1,1,1
907,30,30.00000000000012,0.0,1,1,1,1
908,30,30.000000000000114,0.0,1,1,1,1
909,29,29.000000000000114,0.0,1,1,1,1
910,30,30.000000000000092,0.0,1,1,1,1
911,30,30.000000000000114,0.0,1,1,1,1
912,29,29.000000000000107,0.0,1,1,1,1
913,29,29.000000000000092,0.0,1,1,1,1
914,28,28.000000000000114,0.0,1,1,1,1
915,30,30.000000000000092,0.0,1,1,1,1
916,30,30.00000000000012,0.0,1,1,1,1
917,31,31.00000000000012,0.0,1,1,1,1
918,29,29.000000000000128,0.0,1,1,1,1
919,29,29.000000000000107,0.0,1,1,1,1
920,29,29.000000000000114,0.0,1,1,1,1
921,31,31.000000000000114,0.0,1,1,1,1
922,31,31.000000000000128,0.0,1,1,1,1
923,32,32.00000000000011,0.0,1,1,1,1
924,32,32.00000000000013,0.0,1,1,1,1
925,32,32.00000000000009,0.0,1,1,1,1
926,32,32.00000000000009,0.0,1,1,1,1
927,32,32.000000000000135,0.0,1,1,1,1
928,32,32.00000000000011,0.0,1,1,1,1
929,31,31.00000000000012,0.0,1,1,1,1
930,32,32.00000000000011,0.0,1,1,1,1
931,32,32.00000000000012,0.0,1,1,1,1
932,33,33.00000000000012,0.0,1,1,1,1
933,32,32.00000000000012,0.0,1,1,1,1
934,32,32.000000000000114,0.0,1,1,1,1
935,31,31.00000000000012,0.0,1,1,1,1
936,31,31.000000000000135,0.0,1,1,1,1
937,32,32.00000000000012,0.0,1,1,1,1
938,32,32.00000000000012,0.0,1,1,1,1
939,32,32.00000000000014,0.0,1,1,1,1
940,32,32.0000000000001,0.0,1,1,1,1
941,32,32.00000000000013,0.0,1,1,1,1
942,32,32.00000000000014,0.0,1,1,1,1
943,32,32.00000000000013,0.0,1,1,1,1
944,32,32.00000000000014,0.0,1,1,1,1
945,29,29.00000000000015,0.0,1,1,1,1
946,28,28.000000000000135,0.0,1,1,1,1
947,30,30.00000000000017,0.0,1,1,1,1
948,29,29.000000000000163,0.0,1,1,1,1
949,31,31.000000000000206,0.0,1,1,1,1
950,31,31.00000000000012,0.0,1,1,1,1
951,31,31.000000000000142,0.0,1,1,1,1
952,31,31.00000000000012,0.0,1,1,1,1
953,31,31.00000000000012,0.0,1,1,1,1
954,31,31.000000000000114,0.0,1,1,1,1
955,32,32.0000000000001,0.0,1,1,1,1
956,32,32.000000000000114,0.0,1,1,1,1
957,32,32.00000000000013,0.0,1,1,1,1
958,32,32.00000000000014,0.0,1,1,1,1
959,33,33.00000000000012,0.0,1,1,1,1
960,33,33.000000000000135,0.0,1,1,1,1
961,32,32.00000000000012,0.0,1,1,1,1
962,33,33.00000000000014,0.0,1,1,1,1
963,31,31.00000000000015,0.0,1,1,1,1
964,26,26.000000000000107,0.0,1,1,1,1
965,23,23.000000000000078,0.0,1,1,1,1
966,25,25.000000000000135,0.0,1,1,1,1
967,27,27.00000000000027,0.0,1,1,1,1
968,27,27.000000000000362,0.0,1,1,1,1
969,29,29.000000000000263,0.0,1,1,1,1
970,26,26.000000000000135,0.0,1,1,1,1
971,26,26.000000000000092,0.0,1,1,1,1
972,28,28.0000000000001,0.0,1,1,1,1
973,30,30.000000000000163,0.0,1,1,1,1
974,29,29.000000000000128,0.0,1,1,1,1
975,29,29.000000000000107,0.0,1,1,1,1
976,29,29.0000000000001,0.0,1,1,1,1
977,28,28.000000000000092,0.0,1,1,1,1
978,28,28.000000000000092,0.0,1,1,1,1
979,28,28.000000000000092,0.0,1,1,1,1
980,28,28.00000000000007,0.0,1,1,1,1
981,29,29.0000000000001,0.0,1,1,1,1
982,30,30.000000000000135,0.0,1,1,1,1
983,29,29.0000000000001,0.0,1,1,1,1
984,28,28.000000000000092,0.0,1,1,1,1
985,29,29.0000000000001,0.0,1,1,1,1
986,29,29.000000000000107,0.0,1,1,1,1
987,30,30.0000000000001,0.0,1,1,1,1
988,31,31.000000000000107,0.0,1,1,1,1
989,30,30.000000000000114,0.0,1,1,1,1
990,30,30.00000000000012,0.0,1,1,1,1
991,28,28.0000000000001,0.0,1,1,1,1
992,27,27.0000000000001,0.0,1,1,1,1
993,28,28.000000000000107,0.0,1,1,1,1
994,29,29.000000000000107,0.0,1,1,1,1
995,29,29.000000000000092,0.0,1,1,1,1
996,28,28.000000000000107,0.0,1,1,1,1
997,29,29.00000000000007,0.0,1,1,1,1
998,29,29.0000000000001,0.0,1,1,1,1
999,31,31.000000000000128,0.0,1,1,1,1
1000,31,31.000000000000128,0.0,1,1,1,1
1001,31,31.000000000000114,0.0,1,1,1,1
1002,30,30.000000000000135,0.0,1,1,1,1
1003,28,28.000000000000107,0.0,1,1,1,1
1004,29,29.000000000000107,0.0,1,1,1,1
1005,31,31.000000000000085,0.0,1,1,1,1
1006,26,26.0000000000001,0.0,1,1,1,1
1007,21,21.000000000000092,0.0,1,1,1,1
1008,23,23.000000000000078,0.0,1,1,1,1
1009,25,25.000000000000156,0.0,1,1,1,1
1010,24,24.0000000000002,0.0,1,1,1,1
1011,22,22.000000000000057,0.0,1,1,1,1
1012,21,21.000000000000057,0.0,1,1,1,1
1013,22,22.00000000000005,0.0,1,1,1,1
1014,24,24.000000000000057,0.0,1,1,1,1
1015,27,27.00000000000007,0.0,1,1,1,1
1016,29,29.0000000000001,0.0,1,1,1,1
1017,29,29.000000000000114,0.0,1,1,1,1
1018,24,24.000000000000085,0.0,1,1,1,1
1019,23,23.00000000000007,0.0,1,1,1,1
1020,22,22.00000000000005,0.0,1,1,1,1
1021,20,20.000000000000057,0.0,1,1,1,1
1022,22,22.000000000000036,0.0,1,1,1,1
1023,24,24.00000000000007,0.0,1,1,1,1
1024,26,26.000000000000085,0.0,1,1,1,1
1025,25,25.000000000000092,0.0,1,1,1,1
1026,27,27.000000000000057,0.0,1,1,1,1
1027,29,29.000000000000128,0.0,1,1,1,1
1028,29,29.000000000000135,0.0,1,1,1,1
1029,29,29.000000000000092,0.0,1,1,1,1
1030,29,29.0000000000001,0.0,1,1,1,1
1031,23,23.000000000000107,0.0,1,1,1,1
1032,18,18.000000000000078,0.0,1,1,1,1
1033,18,18.000000000000014,0.0,1,1,1,1
1034,21,21.00000000000003,0.0,1,1,1,1
1035,25,25.000000000000064,0.0,1,1,1,1
1036,25,25.000000000000078,0.0,1,1,1,1
1037,24,24.00000000000007,0.0,1,1,1,1
1038,24,24.0000000000001,0.0,1,1,1,1
1039,23,23.000000000000085,0.0,1,1,1,1
1040,24,24.000000000000064,0.0,1,1,1,1
1041,24,24.000000000000078,0.0,1,1,1,1
1042,23,23.00000000000007,0.0,1,1,1,1
1043,27,27.00000000000007,0.0,1,1,1,1
1044,27,27.000000000000085,0.0,1,1,1,1
1045,23,23.0000000000001,0.0,1,1,1,1
1046,22,22.000000000000092,0.0,1,1,1,1
1047,20,20.000000000000036,0.0,1,1,1,1
1048,20,20.000000000000135,0.0,1,1,1,1
1049,19,19.00000000000003,0.0,1,1,1,1
1050,19,19.000000000000057,0.0,1,1,1,1
1051,17,17.00000000000005,0.0,1,1,1,1
1052,18,18.000000000000085,0.0,1,1,1,1
1053,18,18.0000000000001,0.0,1,1,1,1
1054,19,19.000000000000085,0.0,1,1,1,1
1055,18,18.000000000000043,0.0,1,1,1,1
1056,21,21.000000000000064,0.0,1,1,1,1
1057,23,23.000000000000085,0.0,1,1,1,1
1058,22,22.000000000000092,0.0,1,1,1,1
1059,21,21.00000000000007,0.0,1,1,1,1
1060,19,19.000000000000043,0.0,1,1,1,1
1061,11,11.00000000000003,0.0,1,1,1,1
1062,11,10.999999999999945,0.0,1,1,1,1
1063,16,15.999999999999952,0.0,1,1,1,1
1064,21,21.000000000000036,0.0,1,1,1,1
1065,17,17.000000000000107,0.0,1,1,1,1
1066,16,16.000000000000036,0.0,1,1,1,1
1067,16,16.000000000000064,0.0,1,1,1,1
1068,17,17.000000000000014,0.0,1,1,1,1
1069,19,18.999999999999993,0.0,1,1,1,1
1070,18,18.000000000000064,0.0,1,1,1,1
1071,18,18.00000000000005,0.0,1,1,1,1
1072,13,13.000000000000037,0.0,1,1,1,1
1073,12,11.999999999999977,0.0,1,1,1,1
1074,14,13.999999999999956,0.0,1,1,1,1
1075,11,10.999999999999998,0.0,1,1,1,1
1076,11,11.000000000000004,0.0,1,1,1,1
1077,10,10.000000000000027,0.0,1,1,1,1
1078,11,11.000000000000126,0.0,1,1,1,1
1079,9,9.000000000000039,0.0,1,1,1,1
1080,7,7.000000000000053,0.0,1,1,1,1
1081,4,3.9999999999999414,0.0,1,1,1,1
1082,7,6.9999999999999245,0.0,1,1,1,1
1083,15,14.999999999999975,0.0,1,1,1,1
1084,14,14.000000000000028,0.0,1,1,1,1
1085,18,18.00000000000002,0.0,1,1,1,1
1086,10,10.000000000000073,0.0,1,1,1,1
1087,10,9.99999999999996,0.0,1,1,1,1
1088,15,14.999999999999968,0.0,1,1,1,1
1089,13,13.000000000000016,0.0,1,1,1,1
1090,0,6.612616733371589e-15,0.0,1,1,1,1
1091,1,0.9999999999998419,0.0,1,1,1,1
1092,8,7.999999999999906,0.0,1,1,1,1
1093,14,13.999999999999975,0.0,1,1,1,1
1094,15,15.000000000000018,0.0,1,1,1,1
1095,16,16.000000000000014,0.0,1,1,1,1
1096,22,22.000000000000007,0.0,1,1,1,1
1097,23,23.000000000000057,0.0,1,1,1,1
1098,25,25.000000000000064,0.0,1,1,1,1
1099,21,21.000000000000085,0.0,1,1,1,1
1100,23,23.00000000000003,0.0,1,1,1,1
1101,16,16.000000000000064,0.0,1,1,1,1
1102,11,10.999999999999979,0.0,1,1,1,1
1103,18,17.999999999999936,0.0,1,1,1,1
1104,17,17.000000000000036,0.0,1,1,1,1
1105,18,18.000000000000043,0.0,1,1,1,1
1106,16,16.00000000000005,0.0,1,1,1,1
1107,6,6.000000000000032,0.0,1,1,1,1
1108,9,8.999999999999973,0.0,1,1,1,1
1109,-2,-2.0000000000000386,0.0,1,1,1,1
1110,0,-1.5437018458234605e-13,0.0,1,1,1,1
1111,3,2.9999999999998717,0.0,1,1,1,1
1112,14,13.999999999999929,0.0,1,1,1,1
1113,21,21.00000000000003,0.0,1,1,1,1
1114,21,21.000000000000078,0.0,1,1,1,1
1115,23,23.000000000000064,0.0,1,1,1,1
1116,19,19.000000000000064,0.0,1,1,1,1
1117,11,11.000000000000046,0.0,1,1,1,1
1118,17,16.99999999999997,0.0,1,1,1,1
1119,18,18.000000000000107,0.0,1,1,1,1
1120,12,12.000000000000114,0.0,1,1,1,1
1121,11,11.000000000000082,0.0,1,1,1,1
1122,17,17.00000000000007,0.0,1,1,1,1
1123,17,17.000000000000213,0.0,1,1,1,1
1124,18,18.000000000000163,0.0,1,1,1,1
1125,17,17.000000000000128,0.0,1,1,1,1
1126,16,16.0,0.0,1,1,1,1
1127,19,19.0,0.0,1,1,1,1
1128,15,15.000000000000071,0.0,1,1,1,1
1129,10,9.999999999999977,0.0,1,1,1,1
1130,9,8.999999999999954,0.0,1,1,1,1
1131,10,9.999999999999929,0.0,1,1,1,1
1132,13,12.999999999999977,0.0,1,1,1,1
1133,17,17.00000000000003,0.0,1,1,1,1
1134,16,16.00000000000005,0.0,1,1,1,1
1135,19,19.000000000000036,0.0,1,1,1,1
1136,13,13.000000000000014,0.0,1,1,1,1
1137,9,8.999999999999957,0.0,1,1,1,1
1138,9,8.999999999999927,0.0,1,1,1,1
1139,17,16.999999999999936,0.0,1,1,1,1
1140,23,23.000000000000057,0.0,1,1,1,1
1141,22,22.000000000000135,0.0,1,1,1,1
1142,21,21.000000000000114,0.0,1,1,1,1
1143,13,13.00000000000003,0.0,1,1,1,1
1144,18,17.99999999999997,0.0,1,1,1,1
1145,24,24.00000000000002,0.0,1,1,1,1
1146,23,23.000000000000064,0.0,1,1,1,1
1147,22,22.000000000000064,0.0,1,1,1,1
1148,14,14.000000000000025,0.0,1,1,1,1
1149,12,12.00000000000001,0.0,1,1,1,1
1150,13,12.99999999999999,0.0,1,1,1,1
1151,18,18.000000000000107,0.0,1,1,1,1
1152,23,23.000000000000057,0.0,1,1,1,1
1153,22,22.000000000000085,0.0,1,1,1,1
1154,18,18.000000000000078,0.0,1,1,1,1
1155,19,19.00000000000005,0.0,1,1,1,1
1156,21,21.000000000000107,0.0,1,1,1,1
1157,23,23.000000000000185,0.0,1,1,1,1
1158,19,19.000000000000078,0.0,1,1,1,1
1159,12,12.000000000000002,0.0,1,1,1,1
1160,14,13.99999999999991,0.0,1,1,1,1
1161,23,22.999999999999993,0.0,1,1,1,1
1162,24,24.000000000000085,0.0,1,1,1,1
1163,18,18.0000000000001,0.0,1,1,1,1
1164,14,14.000000000000005,0.0,1,1,1,1
1165,13,12.999999999999993,0.0,1,1,1,1
1166,14,13.999999999999952,0.0,1,1,1,1
1167,19,19.000000000000007,0.0,1,1,1,1
1168,24,24.000000000000078,0.0,1,1,1,1
1169,21,21.000000000000206,0.0,1,1,1,1
1170,20,20.0000000000001,0.0,1,1,1,1
1171,23,23.000000000000036,0.0,1,1,1,1
1172,23,23.000000000000085,0.0,1,1,1,1
1173,18,18.0000000000001,0.0,1,1,1,1
1174,13,13.000000000000044,0.0,1,1,1,1
1175,14,14.000000000000034,0.0,1,1,1,1
1176,14,14.000000000000078,0.0,1,1,1,1
1177,17,17.000000000000057,0.0,1,1,1,1
1178,21,21.000000000000014,0.0,1,1,1,1
1179,23,23.00000000000002,0.0,1,1,1,1
1180,24,24.000000000000064,0.0,1,1,1,1
1181,24,24.0000000000001,0.0,1,1,1,1
1182,24,24.000000000000057,0.0,1,1,1,1
1183,23,23.000000000000064,0.0,1,1,1,1
1184,24,24.000000000000064,0.0,1,1,1,1
1185,24,24.000000000000064,0.0,1,1,1,1
1186,22,22.000000000000078,0.0,1,1,1,1
1187,21,21.00000000000007,0.0,1,1,1,1
1188,24,24.000000000000043,0.0,1,1,1,1
1189,26,26.000000000000036,0.0,1,1,1,1
1190,26,26.000000000000078,0.0,1,1,1,1
1191,22,22.000000000000092,0.0,1,1,1,1
1192,20,20.00000000000005,0.0,1,1,1,1
1193,22,22.00000000000007,0.0,1,1,1,1
1194,22,22.000000000000107,0.0,1,1,1,1
1195,19,19.00000000000005,0.0,1,1,1,1
1196,21,21.000000000000057,0.0,1,1,1,1
1197,24,24.0000000000001,0.0,1,1,1,1
1198,18,18.00000000000012,0.0,1,1,1,1
1199,18,17.999999999999993,0.0,1,1,1,1
1200,19,18.999999999999993,0.0,1,1,1,1
1201,21,21.000000000000036,0.0,1,1,1,1
1202,23,23.000000000000064,0.0,1,1,1,1
1203,24,24.000000000000057,0.0,1,1,1,1
1204,19,19.000000000000064,0.0,1,1,1,1
1205,21,21.00000000000003,0.0,1,1,1,1
1206,24,24.000000000000064,0.0,1,1,1,1
1207,24,24.000000000000107,0.0,1,1,1,1
1208,24,24.000000000000092,0.0,1,1,1,1
1209,25,25.00000000000005,0.0,1,1,1,1
1210,22,22.000000000000057,0.0,1,1,1,1
1211,22,22.00000000000005,0.0,1,1,1,1
1212,25,25.000000000000043,0.0,1,1,1,1
1213,26,26.000000000000064,0.0,1,1,1,1
1214,27,27.000000000000092,0.0,1,1,1,1
1215,18,18.000000000000085,0.0,1,1,1,1
1216,18,18.000000000000014,0.0,1,1,1,1
1217,18,18.000000000000014,0.0,1,1,1,1
1218,24,24.00000000000002,0.0,1,1,1,1
1219,25,25.00000000000012,0.0,1,1,1,1
1220,21,21.000000000000107,0.0,1,1,1,1
1221,28,28.00000000000003,0.0,1,1,1,1
1222,26,26.000000000000092,0.0,1,1,1,1
1223,18,18.000000000000092,0.0,1,1,1,1
1224,22,22.000000000000007,0.0,1,1,1,1
1225,25,25.000000000000057,0.0,1,1,1,1
1226,27,27.000000000000078,0.0,1,1,1,1
1227,21,21.000000000000107,0.0,1,1,1,1
1228,22,22.00000000000002,0.0,1,1,1,1
1229,23,23.000000000000043,0.0,1,1,1,1
1230,24,24.00000000000005,0.0,1,1,1,1
1231,23,23.000000000000057,0.0,1,1,1,1
1232,22,22.00000000000005,0.0,1,1,1,1
1233,25,25.00000000000003,0.0,1,1,1,1
1234,27,27.000000000000057,0.0,1,1,1,1
1235,24,24.000000000000135,0.0,1,1,1,1
1236,23,23.00000000000007,0.0,1,1,1,1
1237,26,26.000000000000114,0.0,1,1,1,1
1238,27,27.000000000000085,0.0,1,1,1,1
1239,26,26.00000000000007,0.0,1,1,1,1
1240,27,27.000000000000092,0.0,1,1,1,1
1241,29,29.000000000000092,0.0,1,1,1,1
1242,29,29.00000000000012,0.0,1,1,1,1
1243,24,24.000000000000114,0.0,1,1,1,1
1244,21,21.000000000000114,0.0,1,1,1,1
1245,21,21.000000000000057,0.0,1,1,1,1
1246,22,22.000000000000163,0.0,1,1,1,1
1247,22,22.000000000000114,0.0,1,1,1,1
1248,26,26.000000000000085,0.0,1,1,1,1
1249,29,29.0000000000001,0.0,1,1,1,1
1250,31,31.000000000000107,0.0,1,1,1,1
1251,27,27.000000000000107,0.0,1,1,1,1
1252,26,26.000000000000085,0.0,1,1,1,1
1253,26,26.000000000000092,0.0,1,1,1,1
1254,25,25.000000000000107,0.0,1,1,1,1
1255,26,26.000000000000043,0.0,1,1,1,1
1256,28,28.00000000000007,0.0,1,1,1,1
1257,28,28.000000000000107,0.0,1,1,1,1
1258,27,27.000000000000114,0.0,1,1,1,1
1259,26,26.000000000000085,0.0,1,1,1,1
1260,27,27.000000000000135,0.0,1,1,1,1
1261,28,28.000000000000156,0.0,1,1,1,1
1262,28,28.0000000000002,0.0,1,1,1,1
1263,28,28.000000000000085,0.0,1,1,1,1
1264,28,28.000000000000078,0.0,1,1,1,1
1265,28,28.000000000000085,0.0,1,1,1,1
1266,29,29.000000000000107,0.0,1,1,1,1
1267,31,31.000000000000107,0.0,1,1,1,1
1268,31,31.000000000000128,0.0,1,1,1,1
1269,31,31.000000000000114,0.0,1,1,1,1
1270,31,31.000000000000107,0.0,1,1,1,1
1271,32,32.00000000000012,0.0,1,1,1,1
1272,32,32.00000000000013,0.0,1,1,1,1
1273,29,29.000000000000107,0.0,1,1,1,1
1274,31,31.000000000000078,0.0,1,1,1,1
1275,30,30.000000000000114,0.0,1,1,1,1
1276,31,31.0000000000001,0.0,1,1,1,1
1277,33,33.00000000000012,0.0,1,1,1,1
1278,26,26.00000000000012,0.0,1,1,1,1
1279,28,28.000000000000078,0.0,1,1,1,1
1280,28,28.000000000000085,0.0,1,1,1,1
1281,27,27.000000000000142,0.0,1,1,1,1
1282,28,28.00000000000012,0.0,1,1,1,1
1283,31,31.000000000000178,0.0,1,1,1,1
1284,32,32.00000000000012,0.0,1,1,1,1
1285,32,32.00000000000011,0.0,1,1,1,1
1286,32,32.0000000000001,0.0,1,1,1,1
1287,31,31.000000000000107,0.0,1,1,1,1
1288,32,32.000000000000114,0.0,1,1,1,1
1289,32,32.00000000000012,0.0,1,1,1,1
1290,32,32.00000000000013,0.0,1,1,1,1
1291,31,31.00000000000012,0.0,1,1,1,1
1292,31,31.000000000000128,0.0,1,1,1,1
1293,32,32.00000000000009,0.0,1,1,1,1
1294,31,31.000000000000107,0.0,1,1,1,1
1295,32,32.0000000000001,0.0,1,1,1,1
1296,32,32.00000000000012,0.0,1,1,1,1
1297,32,32.00000000000015,0.0,1,1,1,1
1298,32,32.00000000000014,0.0,1,1,1,1
1299,31,31.00000000000015,0.0,1,1,1,1
1300,29,29.000000000000135,0.0,1,1,1,1
1301,31,31.000000000000107,0.0,1,1,1,1
1302,31,31.000000000000128,0.0,1,1,1,1
1303,32,32.00000000000013,0.0,1,1,1,1
1304,32,32.000000000000114,0.0,1,1,1,1
1305,33,33.00000000000012,0.0,1,1,1,1
1306,32,32.000000000000135,0.0,1,1,1,1
1307,32,32.000000000000135,0.0,1,1,1,1
1308,32,32.00000000000013,0.0,1,1,1,1
1309,33,33.00000000000012,0.0,1,1,1,1
1310,33,33.0000000000001,0.0,1,1,1,1
1311,32,32.00000000000014,0.0,1,1,1,1
1312,33,33.00000000000015,0.0,1,1,1,1
1313,33,33.00000000000013,0.0,1,1,1,1
1314,34,34.000000000000135,0.0,1,1,1,1
1315,31,31.00000000000015,0.0,1,1,1,1
